<annotation>
	<folder></folder>
	<filename>--_6_jpg.rf.37a4b1c660d7befd74cf01c16e63a92f.jpg</filename>
	<path>--_6_jpg.rf.37a4b1c660d7befd74cf01c16e63a92f.jpg</path>
	<source>
		<database>roboflow.ai</database>
	</source>
	<size>
		<width>416</width>
		<height>416</height>
		<depth>3</depth>
	</size>
	<segmented>0</segmented>
	<object>
		<name>iron_O</name>
		<pose>Unspecified</pose>
		<truncated>0</truncated>
		<difficult>0</difficult>
		<occluded>0</occluded>
		<bndbox>
			<xmin>158</xmin>
			<xmax>249</xmax>
			<ymin>195</ymin>
			<ymax>269</ymax>
		</bndbox>
	</object>
	<object>
		<name>dryer_O</name>
		<pose>Unspecified</pose>
		<truncated>0</truncated>
		<difficult>0</difficult>
		<occluded>0</occluded>
		<bndbox>
			<xmin>99</xmin>
			<xmax>180</xmax>
			<ymin>209</ymin>
			<ymax>275</ymax>
		</bndbox>
	</object>
	<object>
		<name>shade</name>
		<pose>Unspecified</pose>
		<truncated>0</truncated>
		<difficult>0</difficult>
		<occluded>0</occluded>
		<bndbox>
			<xmin>25</xmin>
			<xmax>120</xmax>
			<ymin>214</ymin>
			<ymax>288</ymax>
		</bndbox>
	</object>
	<object>
		<name>nowater</name>
		<pose>Unspecified</pose>
		<truncated>0</truncated>
		<difficult>0</difficult>
		<occluded>0</occluded>
		<bndbox>
			<xmin>288</xmin>
			<xmax>382</xmax>
			<ymin>172</ymin>
			<ymax>249</ymax>
		</bndbox>
	</object>
	<object>
		<name>bleach_X</name>
		<pose>Unspecified</pose>
		<truncated>0</truncated>
		<difficult>0</difficult>
		<occluded>0</occluded>
		<bndbox>
			<xmin>222</xmin>
			<xmax>311</xmax>
			<ymin>186</ymin>
			<ymax>257</ymax>
		</bndbox>
	</object>
</annotation>
