<annotation>
	<folder></folder>
	<filename>--_6_jpg.rf.f8a778b46109eca4aecd4d23b9585f03.jpg</filename>
	<path>--_6_jpg.rf.f8a778b46109eca4aecd4d23b9585f03.jpg</path>
	<source>
		<database>roboflow.ai</database>
	</source>
	<size>
		<width>416</width>
		<height>416</height>
		<depth>3</depth>
	</size>
	<segmented>0</segmented>
	<object>
		<name>iron_O</name>
		<pose>Unspecified</pose>
		<truncated>0</truncated>
		<difficult>0</difficult>
		<occluded>0</occluded>
		<bndbox>
			<xmin>148</xmin>
			<xmax>225</xmax>
			<ymin>157</ymin>
			<ymax>251</ymax>
		</bndbox>
	</object>
	<object>
		<name>dryer_O</name>
		<pose>Unspecified</pose>
		<truncated>0</truncated>
		<difficult>0</difficult>
		<occluded>0</occluded>
		<bndbox>
			<xmin>155</xmin>
			<xmax>224</xmax>
			<ymin>232</ymin>
			<ymax>316</ymax>
		</bndbox>
	</object>
	<object>
		<name>shade</name>
		<pose>Unspecified</pose>
		<truncated>0</truncated>
		<difficult>0</difficult>
		<occluded>0</occluded>
		<bndbox>
			<xmin>155</xmin>
			<xmax>233</xmax>
			<ymin>299</ymin>
			<ymax>396</ymax>
		</bndbox>
	</object>
	<object>
		<name>nowater</name>
		<pose>Unspecified</pose>
		<truncated>0</truncated>
		<difficult>0</difficult>
		<occluded>0</occluded>
		<bndbox>
			<xmin>140</xmin>
			<xmax>220</xmax>
			<ymin>12</ymin>
			<ymax>108</ymax>
		</bndbox>
	</object>
	<object>
		<name>bleach_X</name>
		<pose>Unspecified</pose>
		<truncated>0</truncated>
		<difficult>0</difficult>
		<occluded>0</occluded>
		<bndbox>
			<xmin>147</xmin>
			<xmax>221</xmax>
			<ymin>89</ymin>
			<ymax>181</ymax>
		</bndbox>
	</object>
</annotation>
