<annotation>
	<folder></folder>
	<filename>--_7_jpg.rf.c6aad4f7a49feeed73e8033ec951287e.jpg</filename>
	<path>--_7_jpg.rf.c6aad4f7a49feeed73e8033ec951287e.jpg</path>
	<source>
		<database>roboflow.ai</database>
	</source>
	<size>
		<width>416</width>
		<height>416</height>
		<depth>3</depth>
	</size>
	<segmented>0</segmented>
	<object>
		<name>shade</name>
		<pose>Unspecified</pose>
		<truncated>0</truncated>
		<difficult>0</difficult>
		<occluded>0</occluded>
		<bndbox>
			<xmin>33</xmin>
			<xmax>124</xmax>
			<ymin>142</ymin>
			<ymax>227</ymax>
		</bndbox>
	</object>
	<object>
		<name>iron_O</name>
		<pose>Unspecified</pose>
		<truncated>0</truncated>
		<difficult>0</difficult>
		<occluded>0</occluded>
		<bndbox>
			<xmin>160</xmin>
			<xmax>231</xmax>
			<ymin>120</ymin>
			<ymax>188</ymax>
		</bndbox>
	</object>
	<object>
		<name>wring_O</name>
		<pose>Unspecified</pose>
		<truncated>0</truncated>
		<difficult>0</difficult>
		<occluded>0</occluded>
		<bndbox>
			<xmin>101</xmin>
			<xmax>181</xmax>
			<ymin>135</ymin>
			<ymax>206</ymax>
		</bndbox>
	</object>
	<object>
		<name>dryclean_O</name>
		<pose>Unspecified</pose>
		<truncated>0</truncated>
		<difficult>0</difficult>
		<occluded>0</occluded>
		<bndbox>
			<xmin>214</xmin>
			<xmax>284</xmax>
			<ymin>107</ymin>
			<ymax>175</ymax>
		</bndbox>
	</object>
	<object>
		<name>handwash</name>
		<pose>Unspecified</pose>
		<truncated>0</truncated>
		<difficult>0</difficult>
		<occluded>0</occluded>
		<bndbox>
			<xmin>310</xmin>
			<xmax>386</xmax>
			<ymin>73</ymin>
			<ymax>155</ymax>
		</bndbox>
	</object>
	<object>
		<name>bleach_X</name>
		<pose>Unspecified</pose>
		<truncated>0</truncated>
		<difficult>0</difficult>
		<occluded>0</occluded>
		<bndbox>
			<xmin>267</xmin>
			<xmax>336</xmax>
			<ymin>94</ymin>
			<ymax>167</ymax>
		</bndbox>
	</object>
</annotation>
