<annotation>
	<folder></folder>
	<filename>--_8_jpg.rf.70f9c4dc574fa74a3f9ad82c760d7444.jpg</filename>
	<path>--_8_jpg.rf.70f9c4dc574fa74a3f9ad82c760d7444.jpg</path>
	<source>
		<database>roboflow.ai</database>
	</source>
	<size>
		<width>416</width>
		<height>416</height>
		<depth>3</depth>
	</size>
	<segmented>0</segmented>
	<object>
		<name>shade</name>
		<pose>Unspecified</pose>
		<truncated>0</truncated>
		<difficult>0</difficult>
		<occluded>0</occluded>
		<bndbox>
			<xmin>55</xmin>
			<xmax>134</xmax>
			<ymin>1</ymin>
			<ymax>67</ymax>
		</bndbox>
	</object>
	<object>
		<name>dryclean_O</name>
		<pose>Unspecified</pose>
		<truncated>0</truncated>
		<difficult>0</difficult>
		<occluded>0</occluded>
		<bndbox>
			<xmin>39</xmin>
			<xmax>109</xmax>
			<ymin>55</ymin>
			<ymax>131</ymax>
		</bndbox>
	</object>
	<object>
		<name>iron_O</name>
		<pose>Unspecified</pose>
		<truncated>0</truncated>
		<difficult>0</difficult>
		<occluded>0</occluded>
		<bndbox>
			<xmin>16</xmin>
			<xmax>91</xmax>
			<ymin>121</ymin>
			<ymax>199</ymax>
		</bndbox>
	</object>
	<object>
		<name>bleach_X</name>
		<pose>Unspecified</pose>
		<truncated>0</truncated>
		<difficult>0</difficult>
		<occluded>0</occluded>
		<bndbox>
			<xmin>1</xmin>
			<xmax>68</xmax>
			<ymin>189</ymin>
			<ymax>274</ymax>
		</bndbox>
	</object>
	<object>
		<name>nowater</name>
		<pose>Unspecified</pose>
		<truncated>0</truncated>
		<difficult>0</difficult>
		<occluded>0</occluded>
		<bndbox>
			<xmin>1</xmin>
			<xmax>52</xmax>
			<ymin>256</ymin>
			<ymax>350</ymax>
		</bndbox>
	</object>
</annotation>
