<annotation>
	<folder></folder>
	<filename>--_9_jpg.rf.203bf01b53c0ce72e2ee52ab0080bff8.jpg</filename>
	<path>--_9_jpg.rf.203bf01b53c0ce72e2ee52ab0080bff8.jpg</path>
	<source>
		<database>roboflow.ai</database>
	</source>
	<size>
		<width>416</width>
		<height>416</height>
		<depth>3</depth>
	</size>
	<segmented>0</segmented>
	<object>
		<name>shade</name>
		<pose>Unspecified</pose>
		<truncated>0</truncated>
		<difficult>0</difficult>
		<occluded>0</occluded>
		<bndbox>
			<xmin>9</xmin>
			<xmax>97</xmax>
			<ymin>270</ymin>
			<ymax>371</ymax>
		</bndbox>
	</object>
	<object>
		<name>iron_O</name>
		<pose>Unspecified</pose>
		<truncated>0</truncated>
		<difficult>0</difficult>
		<occluded>0</occluded>
		<bndbox>
			<xmin>7</xmin>
			<xmax>107</xmax>
			<ymin>175</ymin>
			<ymax>277</ymax>
		</bndbox>
	</object>
	<object>
		<name>bleach_X</name>
		<pose>Unspecified</pose>
		<truncated>0</truncated>
		<difficult>0</difficult>
		<occluded>0</occluded>
		<bndbox>
			<xmin>15</xmin>
			<xmax>119</xmax>
			<ymin>98</ymin>
			<ymax>196</ymax>
		</bndbox>
	</object>
	<object>
		<name>handwash</name>
		<pose>Unspecified</pose>
		<truncated>0</truncated>
		<difficult>0</difficult>
		<occluded>0</occluded>
		<bndbox>
			<xmin>25</xmin>
			<xmax>127</xmax>
			<ymin>7</ymin>
			<ymax>107</ymax>
		</bndbox>
	</object>
</annotation>
