<annotation>
	<folder></folder>
	<filename>--_9_jpg.rf.b2ab331bc242f4f6745e722d9858d096.jpg</filename>
	<path>--_9_jpg.rf.b2ab331bc242f4f6745e722d9858d096.jpg</path>
	<source>
		<database>roboflow.ai</database>
	</source>
	<size>
		<width>416</width>
		<height>416</height>
		<depth>3</depth>
	</size>
	<segmented>0</segmented>
	<object>
		<name>shade</name>
		<pose>Unspecified</pose>
		<truncated>0</truncated>
		<difficult>0</difficult>
		<occluded>0</occluded>
		<bndbox>
			<xmin>351</xmin>
			<xmax>413</xmax>
			<ymin>48</ymin>
			<ymax>155</ymax>
		</bndbox>
	</object>
	<object>
		<name>iron_O</name>
		<pose>Unspecified</pose>
		<truncated>0</truncated>
		<difficult>0</difficult>
		<occluded>0</occluded>
		<bndbox>
			<xmin>336</xmin>
			<xmax>410</xmax>
			<ymin>142</ymin>
			<ymax>253</ymax>
		</bndbox>
	</object>
	<object>
		<name>bleach_X</name>
		<pose>Unspecified</pose>
		<truncated>0</truncated>
		<difficult>0</difficult>
		<occluded>0</occluded>
		<bndbox>
			<xmin>324</xmin>
			<xmax>407</xmax>
			<ymin>221</ymin>
			<ymax>323</ymax>
		</bndbox>
	</object>
	<object>
		<name>handwash</name>
		<pose>Unspecified</pose>
		<truncated>0</truncated>
		<difficult>0</difficult>
		<occluded>0</occluded>
		<bndbox>
			<xmin>305</xmin>
			<xmax>404</xmax>
			<ymin>306</ymin>
			<ymax>414</ymax>
		</bndbox>
	</object>
</annotation>
