<annotation>
	<folder></folder>
	<filename>--_9_jpg.rf.4456fb9157815c3cf937442b694a27e9.jpg</filename>
	<path>--_9_jpg.rf.4456fb9157815c3cf937442b694a27e9.jpg</path>
	<source>
		<database>roboflow.ai</database>
	</source>
	<size>
		<width>416</width>
		<height>416</height>
		<depth>3</depth>
	</size>
	<segmented>0</segmented>
	<object>
		<name>shade</name>
		<pose>Unspecified</pose>
		<truncated>0</truncated>
		<difficult>0</difficult>
		<occluded>0</occluded>
		<bndbox>
			<xmin>94</xmin>
			<xmax>169</xmax>
			<ymin>7</ymin>
			<ymax>81</ymax>
		</bndbox>
	</object>
	<object>
		<name>iron_O</name>
		<pose>Unspecified</pose>
		<truncated>0</truncated>
		<difficult>0</difficult>
		<occluded>0</occluded>
		<bndbox>
			<xmin>174</xmin>
			<xmax>250</xmax>
			<ymin>19</ymin>
			<ymax>91</ymax>
		</bndbox>
	</object>
	<object>
		<name>bleach_X</name>
		<pose>Unspecified</pose>
		<truncated>0</truncated>
		<difficult>0</difficult>
		<occluded>0</occluded>
		<bndbox>
			<xmin>241</xmin>
			<xmax>314</xmax>
			<ymin>28</ymin>
			<ymax>106</ymax>
		</bndbox>
		<polygon>
			<x1>310.486349</x1>
			<y1>35.449619</y1>
			<x2>239.682284</x2>
			<y2>26.573806</y2>
			<x3>246.349818</x3>
			<y3>76.448926</y3>
			<x4>241.422744</x4>
			<y4>95.388618</y4>
			<x5>313.331418</x5>
			<y5>105.022553</y5>
			<x6>310.486349</x6>
			<y6>35.449619</y6>
		</polygon>
	</object>
	<object>
		<name>handwash</name>
		<pose>Unspecified</pose>
		<truncated>0</truncated>
		<difficult>0</difficult>
		<occluded>0</occluded>
		<bndbox>
			<xmin>315</xmin>
			<xmax>395</xmax>
			<ymin>41</ymin>
			<ymax>115</ymax>
		</bndbox>
	</object>
</annotation>
