<annotation>
	<folder></folder>
	<filename>--_9_jpg.rf.d88e29f790058d7d00508a5cfcc3ebb2.jpg</filename>
	<path>--_9_jpg.rf.d88e29f790058d7d00508a5cfcc3ebb2.jpg</path>
	<source>
		<database>roboflow.ai</database>
	</source>
	<size>
		<width>416</width>
		<height>416</height>
		<depth>3</depth>
	</size>
	<segmented>0</segmented>
	<object>
		<name>shade</name>
		<pose>Unspecified</pose>
		<truncated>0</truncated>
		<difficult>0</difficult>
		<occluded>0</occluded>
		<bndbox>
			<xmin>7</xmin>
			<xmax>85</xmax>
			<ymin>75</ymin>
			<ymax>156</ymax>
		</bndbox>
	</object>
	<object>
		<name>iron_O</name>
		<pose>Unspecified</pose>
		<truncated>0</truncated>
		<difficult>0</difficult>
		<occluded>0</occluded>
		<bndbox>
			<xmin>18</xmin>
			<xmax>96</xmax>
			<ymin>160</ymin>
			<ymax>240</ymax>
		</bndbox>
	</object>
	<object>
		<name>bleach_X</name>
		<pose>Unspecified</pose>
		<truncated>0</truncated>
		<difficult>0</difficult>
		<occluded>0</occluded>
		<bndbox>
			<xmin>28</xmin>
			<xmax>111</xmax>
			<ymin>227</ymin>
			<ymax>311</ymax>
		</bndbox>
		<polygon>
			<x1>109.643894</x1>
			<y1>310.270385</y1>
			<x2>99.121203</x2>
			<y2>234.788136</y2>
			<x3>79.32935</x3>
			<y3>237.936456</y3>
			<x4>27.090002</x4>
			<y4>225.880369</y4>
			<x5>36.812499</x5>
			<y5>300.140122</y5>
			<x6>109.643894</x6>
			<y6>310.270385</y6>
		</polygon>
	</object>
	<object>
		<name>handwash</name>
		<pose>Unspecified</pose>
		<truncated>0</truncated>
		<difficult>0</difficult>
		<occluded>0</occluded>
		<bndbox>
			<xmin>41</xmin>
			<xmax>121</xmax>
			<ymin>308</ymin>
			<ymax>392</ymax>
		</bndbox>
	</object>
</annotation>
