<annotation>
	<folder></folder>
	<filename>--_9_jpg.rf.1c40234518559dbfb07a20ee24eb2548.jpg</filename>
	<path>--_9_jpg.rf.1c40234518559dbfb07a20ee24eb2548.jpg</path>
	<source>
		<database>roboflow.ai</database>
	</source>
	<size>
		<width>416</width>
		<height>416</height>
		<depth>3</depth>
	</size>
	<segmented>0</segmented>
	<object>
		<name>shade</name>
		<pose>Unspecified</pose>
		<truncated>0</truncated>
		<difficult>0</difficult>
		<occluded>0</occluded>
		<bndbox>
			<xmin>26</xmin>
			<xmax>102</xmax>
			<ymin>280</ymin>
			<ymax>381</ymax>
		</bndbox>
	</object>
	<object>
		<name>iron_O</name>
		<pose>Unspecified</pose>
		<truncated>0</truncated>
		<difficult>0</difficult>
		<occluded>0</occluded>
		<bndbox>
			<xmin>11</xmin>
			<xmax>89</xmax>
			<ymin>191</ymin>
			<ymax>293</ymax>
		</bndbox>
	</object>
	<object>
		<name>bleach_X</name>
		<pose>Unspecified</pose>
		<truncated>0</truncated>
		<difficult>0</difficult>
		<occluded>0</occluded>
		<bndbox>
			<xmin>7</xmin>
			<xmax>78</xmax>
			<ymin>117</ymin>
			<ymax>220</ymax>
		</bndbox>
	</object>
	<object>
		<name>handwash</name>
		<pose>Unspecified</pose>
		<truncated>0</truncated>
		<difficult>0</difficult>
		<occluded>0</occluded>
		<bndbox>
			<xmin>3</xmin>
			<xmax>70</xmax>
			<ymin>32</ymin>
			<ymax>138</ymax>
		</bndbox>
	</object>
</annotation>
