<annotation>
	<folder></folder>
	<filename>--_9_jpg.rf.0d34354c5880bc4d9deb93d75ef052fd.jpg</filename>
	<path>--_9_jpg.rf.0d34354c5880bc4d9deb93d75ef052fd.jpg</path>
	<source>
		<database>roboflow.ai</database>
	</source>
	<size>
		<width>416</width>
		<height>416</height>
		<depth>3</depth>
	</size>
	<segmented>0</segmented>
	<object>
		<name>shade</name>
		<pose>Unspecified</pose>
		<truncated>0</truncated>
		<difficult>0</difficult>
		<occluded>0</occluded>
		<bndbox>
			<xmin>255</xmin>
			<xmax>334</xmax>
			<ymin>15</ymin>
			<ymax>89</ymax>
		</bndbox>
	</object>
	<object>
		<name>iron_O</name>
		<pose>Unspecified</pose>
		<truncated>0</truncated>
		<difficult>0</difficult>
		<occluded>0</occluded>
		<bndbox>
			<xmin>170</xmin>
			<xmax>251</xmax>
			<ymin>16</ymin>
			<ymax>89</ymax>
		</bndbox>
	</object>
	<object>
		<name>bleach_X</name>
		<pose>Unspecified</pose>
		<truncated>0</truncated>
		<difficult>0</difficult>
		<occluded>0</occluded>
		<bndbox>
			<xmin>100</xmin>
			<xmax>185</xmax>
			<ymin>19</ymin>
			<ymax>90</ymax>
		</bndbox>
		<polygon>
			<x1>99.47917</x1>
			<y1>89.01087</y1>
			<x2>173.844947</x2>
			<y2>89.015458</y2>
			<x3>171.094261</x3>
			<y3>68.935059</y3>
			<x4>183.849372</x4>
			<y4>18.753352</y4>
			<x5>110.69894</x5>
			<y5>18.123753</y5>
			<x6>99.47917</x6>
			<y6>89.01087</y6>
		</polygon>
	</object>
	<object>
		<name>handwash</name>
		<pose>Unspecified</pose>
		<truncated>0</truncated>
		<difficult>0</difficult>
		<occluded>0</occluded>
		<bndbox>
			<xmin>21</xmin>
			<xmax>105</xmax>
			<ymin>18</ymin>
			<ymax>94</ymax>
		</bndbox>
	</object>
</annotation>
