<annotation>
	<folder></folder>
	<filename>--_9_jpg.rf.8de5f1f26aaf76c6c4c3f2717aa93ea2.jpg</filename>
	<path>--_9_jpg.rf.8de5f1f26aaf76c6c4c3f2717aa93ea2.jpg</path>
	<source>
		<database>roboflow.ai</database>
	</source>
	<size>
		<width>416</width>
		<height>416</height>
		<depth>3</depth>
	</size>
	<segmented>0</segmented>
	<object>
		<name>shade</name>
		<pose>Unspecified</pose>
		<truncated>0</truncated>
		<difficult>0</difficult>
		<occluded>0</occluded>
		<bndbox>
			<xmin>331</xmin>
			<xmax>399</xmax>
			<ymin>289</ymin>
			<ymax>385</ymax>
		</bndbox>
	</object>
	<object>
		<name>iron_O</name>
		<pose>Unspecified</pose>
		<truncated>0</truncated>
		<difficult>0</difficult>
		<occluded>0</occluded>
		<bndbox>
			<xmin>338</xmin>
			<xmax>407</xmax>
			<ymin>195</ymin>
			<ymax>292</ymax>
		</bndbox>
	</object>
	<object>
		<name>bleach_X</name>
		<pose>Unspecified</pose>
		<truncated>0</truncated>
		<difficult>0</difficult>
		<occluded>0</occluded>
		<bndbox>
			<xmin>343</xmin>
			<xmax>411</xmax>
			<ymin>116</ymin>
			<ymax>215</ymax>
		</bndbox>
	</object>
	<object>
		<name>handwash</name>
		<pose>Unspecified</pose>
		<truncated>0</truncated>
		<difficult>0</difficult>
		<occluded>0</occluded>
		<bndbox>
			<xmin>345</xmin>
			<xmax>415</xmax>
			<ymin>27</ymin>
			<ymax>129</ymax>
		</bndbox>
	</object>
</annotation>
