<annotation>
	<folder></folder>
	<filename>1_jpg.rf.30b954524c81f744681e923d32098f63.jpg</filename>
	<path>1_jpg.rf.30b954524c81f744681e923d32098f63.jpg</path>
	<source>
		<database>roboflow.ai</database>
	</source>
	<size>
		<width>416</width>
		<height>416</height>
		<depth>3</depth>
	</size>
	<segmented>0</segmented>
	<object>
		<name>shade</name>
		<pose>Unspecified</pose>
		<truncated>0</truncated>
		<difficult>0</difficult>
		<occluded>0</occluded>
		<bndbox>
			<xmin>306</xmin>
			<xmax>341</xmax>
			<ymin>125</ymin>
			<ymax>166</ymax>
		</bndbox>
	</object>
	<object>
		<name>handwash</name>
		<pose>Unspecified</pose>
		<truncated>0</truncated>
		<difficult>0</difficult>
		<occluded>0</occluded>
		<bndbox>
			<xmin>214</xmin>
			<xmax>249</xmax>
			<ymin>143</ymin>
			<ymax>184</ymax>
		</bndbox>
	</object>
	<object>
		<name>bleach_X</name>
		<pose>Unspecified</pose>
		<truncated>0</truncated>
		<difficult>0</difficult>
		<occluded>0</occluded>
		<bndbox>
			<xmin>239</xmin>
			<xmax>271</xmax>
			<ymin>140</ymin>
			<ymax>178</ymax>
		</bndbox>
	</object>
	<object>
		<name>dryer_X</name>
		<pose>Unspecified</pose>
		<truncated>0</truncated>
		<difficult>0</difficult>
		<occluded>0</occluded>
		<bndbox>
			<xmin>261</xmin>
			<xmax>293</xmax>
			<ymin>134</ymin>
			<ymax>174</ymax>
		</bndbox>
	</object>
	<object>
		<name>dryclean_X</name>
		<pose>Unspecified</pose>
		<truncated>0</truncated>
		<difficult>0</difficult>
		<occluded>0</occluded>
		<bndbox>
			<xmin>283</xmin>
			<xmax>316</xmax>
			<ymin>128</ymin>
			<ymax>172</ymax>
		</bndbox>
	</object>
</annotation>
