<annotation>
	<folder></folder>
	<filename>20220427_204648_jpg.rf.a35798d6f220c228d9158ae1216f88eb.jpg</filename>
	<path>20220427_204648_jpg.rf.a35798d6f220c228d9158ae1216f88eb.jpg</path>
	<source>
		<database>roboflow.ai</database>
	</source>
	<size>
		<width>416</width>
		<height>416</height>
		<depth>3</depth>
	</size>
	<segmented>0</segmented>
	<object>
		<name>shade</name>
		<pose>Unspecified</pose>
		<truncated>0</truncated>
		<difficult>0</difficult>
		<occluded>0</occluded>
		<bndbox>
			<xmin>180</xmin>
			<xmax>214</xmax>
			<ymin>280</ymin>
			<ymax>320</ymax>
		</bndbox>
	</object>
	<object>
		<name>wring_O</name>
		<pose>Unspecified</pose>
		<truncated>0</truncated>
		<difficult>0</difficult>
		<occluded>0</occluded>
		<bndbox>
			<xmin>192</xmin>
			<xmax>219</xmax>
			<ymin>246</ymin>
			<ymax>287</ymax>
		</bndbox>
	</object>
	<object>
		<name>iron_O</name>
		<pose>Unspecified</pose>
		<truncated>0</truncated>
		<difficult>0</difficult>
		<occluded>0</occluded>
		<bndbox>
			<xmin>198</xmin>
			<xmax>229</xmax>
			<ymin>217</ymin>
			<ymax>255</ymax>
		</bndbox>
	</object>
	<object>
		<name>dryclean_X</name>
		<pose>Unspecified</pose>
		<truncated>0</truncated>
		<difficult>0</difficult>
		<occluded>0</occluded>
		<bndbox>
			<xmin>205</xmin>
			<xmax>237</xmax>
			<ymin>187</ymin>
			<ymax>225</ymax>
		</bndbox>
	</object>
	<object>
		<name>handwash</name>
		<pose>Unspecified</pose>
		<truncated>0</truncated>
		<difficult>0</difficult>
		<occluded>0</occluded>
		<bndbox>
			<xmin>218</xmin>
			<xmax>250</xmax>
			<ymin>127</ymin>
			<ymax>165</ymax>
		</bndbox>
	</object>
	<object>
		<name>bleach_X</name>
		<pose>Unspecified</pose>
		<truncated>0</truncated>
		<difficult>0</difficult>
		<occluded>0</occluded>
		<bndbox>
			<xmin>212</xmin>
			<xmax>244</xmax>
			<ymin>158</ymin>
			<ymax>197</ymax>
		</bndbox>
	</object>
</annotation>
