<annotation>
	<folder></folder>
	<filename>20220427_205219_jpg.rf.8965bec61976cff6f00a80932e094e10.jpg</filename>
	<path>20220427_205219_jpg.rf.8965bec61976cff6f00a80932e094e10.jpg</path>
	<source>
		<database>roboflow.ai</database>
	</source>
	<size>
		<width>416</width>
		<height>416</height>
		<depth>3</depth>
	</size>
	<segmented>0</segmented>
	<object>
		<name>handwash</name>
		<pose>Unspecified</pose>
		<truncated>0</truncated>
		<difficult>0</difficult>
		<occluded>0</occluded>
		<bndbox>
			<xmin>197</xmin>
			<xmax>251</xmax>
			<ymin>84</ymin>
			<ymax>123</ymax>
		</bndbox>
	</object>
	<object>
		<name>iron_X</name>
		<pose>Unspecified</pose>
		<truncated>0</truncated>
		<difficult>0</difficult>
		<occluded>0</occluded>
		<bndbox>
			<xmin>90</xmin>
			<xmax>135</xmax>
			<ymin>111</ymin>
			<ymax>146</ymax>
		</bndbox>
	</object>
	<object>
		<name>bleach_X</name>
		<pose>Unspecified</pose>
		<truncated>0</truncated>
		<difficult>0</difficult>
		<occluded>0</occluded>
		<bndbox>
			<xmin>165</xmin>
			<xmax>204</xmax>
			<ymin>95</ymin>
			<ymax>127</ymax>
		</bndbox>
	</object>
	<object>
		<name>wring_X</name>
		<pose>Unspecified</pose>
		<truncated>0</truncated>
		<difficult>0</difficult>
		<occluded>0</occluded>
		<bndbox>
			<xmin>129</xmin>
			<xmax>174</xmax>
			<ymin>103</ymin>
			<ymax>133</ymax>
		</bndbox>
	</object>
</annotation>
