<annotation>
	<folder></folder>
	<filename>20220427_203802_jpg.rf.acaecd25ee6db71076d20bc267794fc9.jpg</filename>
	<path>20220427_203802_jpg.rf.acaecd25ee6db71076d20bc267794fc9.jpg</path>
	<source>
		<database>roboflow.ai</database>
	</source>
	<size>
		<width>416</width>
		<height>416</height>
		<depth>3</depth>
	</size>
	<segmented>0</segmented>
	<object>
		<name>dryer_X</name>
		<pose>Unspecified</pose>
		<truncated>0</truncated>
		<difficult>0</difficult>
		<occluded>0</occluded>
		<bndbox>
			<xmin>199</xmin>
			<xmax>244</xmax>
			<ymin>236</ymin>
			<ymax>285</ymax>
		</bndbox>
	</object>
	<object>
		<name>wring_O</name>
		<pose>Unspecified</pose>
		<truncated>0</truncated>
		<difficult>0</difficult>
		<occluded>0</occluded>
		<bndbox>
			<xmin>205</xmin>
			<xmax>252</xmax>
			<ymin>195</ymin>
			<ymax>253</ymax>
		</bndbox>
	</object>
	<object>
		<name>handwash</name>
		<pose>Unspecified</pose>
		<truncated>0</truncated>
		<difficult>0</difficult>
		<occluded>0</occluded>
		<bndbox>
			<xmin>236</xmin>
			<xmax>288</xmax>
			<ymin>69</ymin>
			<ymax>130</ymax>
		</bndbox>
	</object>
	<object>
		<name>bleach_X</name>
		<pose>Unspecified</pose>
		<truncated>0</truncated>
		<difficult>0</difficult>
		<occluded>0</occluded>
		<bndbox>
			<xmin>225</xmin>
			<xmax>274</xmax>
			<ymin>115</ymin>
			<ymax>168</ymax>
		</bndbox>
	</object>
	<object>
		<name>iron_O</name>
		<pose>Unspecified</pose>
		<truncated>0</truncated>
		<difficult>0</difficult>
		<occluded>0</occluded>
		<bndbox>
			<xmin>212</xmin>
			<xmax>263</xmax>
			<ymin>153</ymin>
			<ymax>209</ymax>
		</bndbox>
	</object>
</annotation>
