<annotation>
	<folder></folder>
	<filename>20220426_214450_jpg.rf.23beef88e24551c69e35c0b8503c21c4.jpg</filename>
	<path>20220426_214450_jpg.rf.23beef88e24551c69e35c0b8503c21c4.jpg</path>
	<source>
		<database>roboflow.ai</database>
	</source>
	<size>
		<width>416</width>
		<height>416</height>
		<depth>3</depth>
	</size>
	<segmented>0</segmented>
	<object>
		<name>nowater</name>
		<pose>Unspecified</pose>
		<truncated>0</truncated>
		<difficult>0</difficult>
		<occluded>0</occluded>
		<bndbox>
			<xmin>296</xmin>
			<xmax>369</xmax>
			<ymin>141</ymin>
			<ymax>189</ymax>
		</bndbox>
	</object>
	<object>
		<name>bleach_X</name>
		<pose>Unspecified</pose>
		<truncated>0</truncated>
		<difficult>0</difficult>
		<occluded>0</occluded>
		<bndbox>
			<xmin>243</xmin>
			<xmax>307</xmax>
			<ymin>144</ymin>
			<ymax>191</ymax>
		</bndbox>
	</object>
	<object>
		<name>iron_O</name>
		<pose>Unspecified</pose>
		<truncated>0</truncated>
		<difficult>0</difficult>
		<occluded>0</occluded>
		<bndbox>
			<xmin>197</xmin>
			<xmax>253</xmax>
			<ymin>148</ymin>
			<ymax>190</ymax>
		</bndbox>
	</object>
</annotation>
