<annotation>
	<folder></folder>
	<filename>20220427_204832_jpg.rf.eb2a471d4d4f9cddae3a4ec2b831d102.jpg</filename>
	<path>20220427_204832_jpg.rf.eb2a471d4d4f9cddae3a4ec2b831d102.jpg</path>
	<source>
		<database>roboflow.ai</database>
	</source>
	<size>
		<width>416</width>
		<height>416</height>
		<depth>3</depth>
	</size>
	<segmented>0</segmented>
	<object>
		<name>dryclean_O</name>
		<pose>Unspecified</pose>
		<truncated>0</truncated>
		<difficult>0</difficult>
		<occluded>0</occluded>
		<bndbox>
			<xmin>237</xmin>
			<xmax>282</xmax>
			<ymin>243</ymin>
			<ymax>292</ymax>
		</bndbox>
	</object>
	<object>
		<name>shade</name>
		<pose>Unspecified</pose>
		<truncated>0</truncated>
		<difficult>0</difficult>
		<occluded>0</occluded>
		<bndbox>
			<xmin>234</xmin>
			<xmax>273</xmax>
			<ymin>277</ymin>
			<ymax>322</ymax>
		</bndbox>
	</object>
	<object>
		<name>machine</name>
		<pose>Unspecified</pose>
		<truncated>0</truncated>
		<difficult>0</difficult>
		<occluded>0</occluded>
		<bndbox>
			<xmin>262</xmin>
			<xmax>307</xmax>
			<ymin>142</ymin>
			<ymax>190</ymax>
		</bndbox>
	</object>
	<object>
		<name>bleach_O</name>
		<pose>Unspecified</pose>
		<truncated>0</truncated>
		<difficult>0</difficult>
		<occluded>0</occluded>
		<bndbox>
			<xmin>258</xmin>
			<xmax>300</xmax>
			<ymin>174</ymin>
			<ymax>222</ymax>
		</bndbox>
	</object>
	<object>
		<name>iron_O</name>
		<pose>Unspecified</pose>
		<truncated>0</truncated>
		<difficult>0</difficult>
		<occluded>0</occluded>
		<bndbox>
			<xmin>251</xmin>
			<xmax>292</xmax>
			<ymin>208</ymin>
			<ymax>257</ymax>
		</bndbox>
	</object>
	<object>
		<name>dryer_X</name>
		<pose>Unspecified</pose>
		<truncated>0</truncated>
		<difficult>0</difficult>
		<occluded>0</occluded>
		<bndbox>
			<xmin>228</xmin>
			<xmax>269</xmax>
			<ymin>310</ymin>
			<ymax>355</ymax>
		</bndbox>
	</object>
</annotation>
