<annotation>
	<folder></folder>
	<filename>20220426_214450_jpg.rf.2ba68cb032904841623cd103cd995cfe.jpg</filename>
	<path>20220426_214450_jpg.rf.2ba68cb032904841623cd103cd995cfe.jpg</path>
	<source>
		<database>roboflow.ai</database>
	</source>
	<size>
		<width>416</width>
		<height>416</height>
		<depth>3</depth>
	</size>
	<segmented>0</segmented>
	<object>
		<name>nowater</name>
		<pose>Unspecified</pose>
		<truncated>0</truncated>
		<difficult>0</difficult>
		<occluded>0</occluded>
		<bndbox>
			<xmin>247</xmin>
			<xmax>306</xmax>
			<ymin>69</ymin>
			<ymax>151</ymax>
		</bndbox>
	</object>
	<object>
		<name>bleach_X</name>
		<pose>Unspecified</pose>
		<truncated>0</truncated>
		<difficult>0</difficult>
		<occluded>0</occluded>
		<bndbox>
			<xmin>223</xmin>
			<xmax>281</xmax>
			<ymin>130</ymin>
			<ymax>203</ymax>
		</bndbox>
	</object>
	<object>
		<name>iron_O</name>
		<pose>Unspecified</pose>
		<truncated>0</truncated>
		<difficult>0</difficult>
		<occluded>0</occluded>
		<bndbox>
			<xmin>207</xmin>
			<xmax>257</xmax>
			<ymin>184</ymin>
			<ymax>247</ymax>
		</bndbox>
	</object>
</annotation>
