<annotation>
	<folder></folder>
	<filename>20220426_214450_jpg.rf.071c46504fb89efe3e0c285deb9b74ec.jpg</filename>
	<path>20220426_214450_jpg.rf.071c46504fb89efe3e0c285deb9b74ec.jpg</path>
	<source>
		<database>roboflow.ai</database>
	</source>
	<size>
		<width>416</width>
		<height>416</height>
		<depth>3</depth>
	</size>
	<segmented>0</segmented>
	<object>
		<name>nowater</name>
		<pose>Unspecified</pose>
		<truncated>0</truncated>
		<difficult>0</difficult>
		<occluded>0</occluded>
		<bndbox>
			<xmin>273</xmin>
			<xmax>347</xmax>
			<ymin>178</ymin>
			<ymax>232</ymax>
		</bndbox>
	</object>
	<object>
		<name>bleach_X</name>
		<pose>Unspecified</pose>
		<truncated>0</truncated>
		<difficult>0</difficult>
		<occluded>0</occluded>
		<bndbox>
			<xmin>226</xmin>
			<xmax>292</xmax>
			<ymin>159</ymin>
			<ymax>212</ymax>
		</bndbox>
	</object>
	<object>
		<name>iron_O</name>
		<pose>Unspecified</pose>
		<truncated>0</truncated>
		<difficult>0</difficult>
		<occluded>0</occluded>
		<bndbox>
			<xmin>187</xmin>
			<xmax>244</xmax>
			<ymin>146</ymin>
			<ymax>193</ymax>
		</bndbox>
	</object>
</annotation>
