<annotation>
	<folder></folder>
	<filename>20220426_214450_jpg.rf.c32ce3460d9b3872a3042e897da56f69.jpg</filename>
	<path>20220426_214450_jpg.rf.c32ce3460d9b3872a3042e897da56f69.jpg</path>
	<source>
		<database>roboflow.ai</database>
	</source>
	<size>
		<width>416</width>
		<height>416</height>
		<depth>3</depth>
	</size>
	<segmented>0</segmented>
	<object>
		<name>nowater</name>
		<pose>Unspecified</pose>
		<truncated>0</truncated>
		<difficult>0</difficult>
		<occluded>0</occluded>
		<bndbox>
			<xmin>279</xmin>
			<xmax>341</xmax>
			<ymin>263</ymin>
			<ymax>296</ymax>
		</bndbox>
	</object>
	<object>
		<name>bleach_X</name>
		<pose>Unspecified</pose>
		<truncated>0</truncated>
		<difficult>0</difficult>
		<occluded>0</occluded>
		<bndbox>
			<xmin>227</xmin>
			<xmax>281</xmax>
			<ymin>251</ymin>
			<ymax>285</ymax>
		</bndbox>
	</object>
	<object>
		<name>iron_O</name>
		<pose>Unspecified</pose>
		<truncated>0</truncated>
		<difficult>0</difficult>
		<occluded>0</occluded>
		<bndbox>
			<xmin>183</xmin>
			<xmax>228</xmax>
			<ymin>243</ymin>
			<ymax>274</ymax>
		</bndbox>
	</object>
</annotation>
