<annotation>
	<folder></folder>
	<filename>20220426_144202_jpg.rf.21cb291cc88cf6ac4c4eb98b3def8a01.jpg</filename>
	<path>20220426_144202_jpg.rf.21cb291cc88cf6ac4c4eb98b3def8a01.jpg</path>
	<source>
		<database>roboflow.ai</database>
	</source>
	<size>
		<width>416</width>
		<height>416</height>
		<depth>3</depth>
	</size>
	<segmented>0</segmented>
	<object>
		<name>machine</name>
		<pose>Unspecified</pose>
		<truncated>0</truncated>
		<difficult>0</difficult>
		<occluded>0</occluded>
		<bndbox>
			<xmin>177</xmin>
			<xmax>224</xmax>
			<ymin>206</ymin>
			<ymax>238</ymax>
		</bndbox>
	</object>
	<object>
		<name>bleach_X</name>
		<pose>Unspecified</pose>
		<truncated>0</truncated>
		<difficult>0</difficult>
		<occluded>0</occluded>
		<bndbox>
			<xmin>217</xmin>
			<xmax>264</xmax>
			<ymin>215</ymin>
			<ymax>247</ymax>
		</bndbox>
	</object>
	<object>
		<name>iron_O</name>
		<pose>Unspecified</pose>
		<truncated>0</truncated>
		<difficult>0</difficult>
		<occluded>0</occluded>
		<bndbox>
			<xmin>262</xmin>
			<xmax>309</xmax>
			<ymin>228</ymin>
			<ymax>257</ymax>
		</bndbox>
	</object>
	<object>
		<name>shade</name>
		<pose>Unspecified</pose>
		<truncated>0</truncated>
		<difficult>0</difficult>
		<occluded>0</occluded>
		<bndbox>
			<xmin>305</xmin>
			<xmax>352</xmax>
			<ymin>238</ymin>
			<ymax>268</ymax>
		</bndbox>
	</object>
</annotation>
