<annotation>
	<folder></folder>
	<filename>20220427_205219_jpg.rf.58e2a5523f7c66fd312f720979fa527c.jpg</filename>
	<path>20220427_205219_jpg.rf.58e2a5523f7c66fd312f720979fa527c.jpg</path>
	<source>
		<database>roboflow.ai</database>
	</source>
	<size>
		<width>416</width>
		<height>416</height>
		<depth>3</depth>
	</size>
	<segmented>0</segmented>
	<object>
		<name>handwash</name>
		<pose>Unspecified</pose>
		<truncated>0</truncated>
		<difficult>0</difficult>
		<occluded>0</occluded>
		<bndbox>
			<xmin>277</xmin>
			<xmax>319</xmax>
			<ymin>101</ymin>
			<ymax>155</ymax>
		</bndbox>
	</object>
	<object>
		<name>iron_X</name>
		<pose>Unspecified</pose>
		<truncated>0</truncated>
		<difficult>0</difficult>
		<occluded>0</occluded>
		<bndbox>
			<xmin>310</xmin>
			<xmax>348</xmax>
			<ymin>214</ymin>
			<ymax>259</ymax>
		</bndbox>
	</object>
	<object>
		<name>bleach_X</name>
		<pose>Unspecified</pose>
		<truncated>0</truncated>
		<difficult>0</difficult>
		<occluded>0</occluded>
		<bndbox>
			<xmin>294</xmin>
			<xmax>327</xmax>
			<ymin>147</ymin>
			<ymax>185</ymax>
		</bndbox>
	</object>
	<object>
		<name>wring_X</name>
		<pose>Unspecified</pose>
		<truncated>0</truncated>
		<difficult>0</difficult>
		<occluded>0</occluded>
		<bndbox>
			<xmin>303</xmin>
			<xmax>336</xmax>
			<ymin>176</ymin>
			<ymax>221</ymax>
		</bndbox>
	</object>
</annotation>
