<annotation>
	<folder></folder>
	<filename>20220426_214450_jpg.rf.f3f9a5735d3b02c221c6f61b88fb1ce5.jpg</filename>
	<path>20220426_214450_jpg.rf.f3f9a5735d3b02c221c6f61b88fb1ce5.jpg</path>
	<source>
		<database>roboflow.ai</database>
	</source>
	<size>
		<width>416</width>
		<height>416</height>
		<depth>3</depth>
	</size>
	<segmented>0</segmented>
	<object>
		<name>nowater</name>
		<pose>Unspecified</pose>
		<truncated>0</truncated>
		<difficult>0</difficult>
		<occluded>0</occluded>
		<bndbox>
			<xmin>309</xmin>
			<xmax>388</xmax>
			<ymin>149</ymin>
			<ymax>204</ymax>
		</bndbox>
	</object>
	<object>
		<name>bleach_X</name>
		<pose>Unspecified</pose>
		<truncated>0</truncated>
		<difficult>0</difficult>
		<occluded>0</occluded>
		<bndbox>
			<xmin>251</xmin>
			<xmax>322</xmax>
			<ymin>147</ymin>
			<ymax>202</ymax>
		</bndbox>
	</object>
	<object>
		<name>iron_O</name>
		<pose>Unspecified</pose>
		<truncated>0</truncated>
		<difficult>0</difficult>
		<occluded>0</occluded>
		<bndbox>
			<xmin>202</xmin>
			<xmax>263</xmax>
			<ymin>148</ymin>
			<ymax>196</ymax>
		</bndbox>
	</object>
</annotation>
