<annotation>
	<folder></folder>
	<filename>20220426_214450_jpg.rf.6bc96eba3dd337698de11051926360e8.jpg</filename>
	<path>20220426_214450_jpg.rf.6bc96eba3dd337698de11051926360e8.jpg</path>
	<source>
		<database>roboflow.ai</database>
	</source>
	<size>
		<width>416</width>
		<height>416</height>
		<depth>3</depth>
	</size>
	<segmented>0</segmented>
	<object>
		<name>nowater</name>
		<pose>Unspecified</pose>
		<truncated>0</truncated>
		<difficult>0</difficult>
		<occluded>0</occluded>
		<bndbox>
			<xmin>56</xmin>
			<xmax>136</xmax>
			<ymin>142</ymin>
			<ymax>200</ymax>
		</bndbox>
	</object>
	<object>
		<name>bleach_X</name>
		<pose>Unspecified</pose>
		<truncated>0</truncated>
		<difficult>0</difficult>
		<occluded>0</occluded>
		<bndbox>
			<xmin>124</xmin>
			<xmax>197</xmax>
			<ymin>131</ymin>
			<ymax>190</ymax>
		</bndbox>
	</object>
	<object>
		<name>iron_O</name>
		<pose>Unspecified</pose>
		<truncated>0</truncated>
		<difficult>0</difficult>
		<occluded>0</occluded>
		<bndbox>
			<xmin>185</xmin>
			<xmax>246</xmax>
			<ymin>125</ymin>
			<ymax>176</ymax>
		</bndbox>
	</object>
</annotation>
