<annotation>
	<folder></folder>
	<filename>20220426_214358_jpg.rf.09b1d88c332c0f912f7ddc56879230eb.jpg</filename>
	<path>20220426_214358_jpg.rf.09b1d88c332c0f912f7ddc56879230eb.jpg</path>
	<source>
		<database>roboflow.ai</database>
	</source>
	<size>
		<width>416</width>
		<height>416</height>
		<depth>3</depth>
	</size>
	<segmented>0</segmented>
	<object>
		<name>machine</name>
		<pose>Unspecified</pose>
		<truncated>0</truncated>
		<difficult>0</difficult>
		<occluded>0</occluded>
		<bndbox>
			<xmin>89</xmin>
			<xmax>128</xmax>
			<ymin>230</ymin>
			<ymax>281</ymax>
		</bndbox>
	</object>
	<object>
		<name>bleach_O</name>
		<pose>Unspecified</pose>
		<truncated>0</truncated>
		<difficult>0</difficult>
		<occluded>0</occluded>
		<bndbox>
			<xmin>73</xmin>
			<xmax>115</xmax>
			<ymin>189</ymin>
			<ymax>249</ymax>
		</bndbox>
	</object>
	<object>
		<name>iron_O</name>
		<pose>Unspecified</pose>
		<truncated>0</truncated>
		<difficult>0</difficult>
		<occluded>0</occluded>
		<bndbox>
			<xmin>55</xmin>
			<xmax>100</xmax>
			<ymin>142</ymin>
			<ymax>207</ymax>
		</bndbox>
	</object>
	<object>
		<name>dryclean_O</name>
		<pose>Unspecified</pose>
		<truncated>0</truncated>
		<difficult>0</difficult>
		<occluded>0</occluded>
		<bndbox>
			<xmin>40</xmin>
			<xmax>80</xmax>
			<ymin>106</ymin>
			<ymax>160</ymax>
		</bndbox>
	</object>
	<object>
		<name>dryer_O</name>
		<pose>Unspecified</pose>
		<truncated>0</truncated>
		<difficult>0</difficult>
		<occluded>0</occluded>
		<bndbox>
			<xmin>27</xmin>
			<xmax>66</xmax>
			<ymin>68</ymin>
			<ymax>122</ymax>
		</bndbox>
	</object>
</annotation>
