<annotation>
	<folder></folder>
	<filename>20220426_214450_jpg.rf.fa5cca378aaeb9cccd8ca33a0b2507ca.jpg</filename>
	<path>20220426_214450_jpg.rf.fa5cca378aaeb9cccd8ca33a0b2507ca.jpg</path>
	<source>
		<database>roboflow.ai</database>
	</source>
	<size>
		<width>416</width>
		<height>416</height>
		<depth>3</depth>
	</size>
	<segmented>0</segmented>
	<object>
		<name>nowater</name>
		<pose>Unspecified</pose>
		<truncated>0</truncated>
		<difficult>0</difficult>
		<occluded>0</occluded>
		<bndbox>
			<xmin>245</xmin>
			<xmax>279</xmax>
			<ymin>98</ymin>
			<ymax>159</ymax>
		</bndbox>
	</object>
	<object>
		<name>bleach_X</name>
		<pose>Unspecified</pose>
		<truncated>0</truncated>
		<difficult>0</difficult>
		<occluded>0</occluded>
		<bndbox>
			<xmin>233</xmin>
			<xmax>267</xmax>
			<ymin>157</ymin>
			<ymax>211</ymax>
		</bndbox>
	</object>
	<object>
		<name>iron_O</name>
		<pose>Unspecified</pose>
		<truncated>0</truncated>
		<difficult>0</difficult>
		<occluded>0</occluded>
		<bndbox>
			<xmin>224</xmin>
			<xmax>256</xmax>
			<ymin>208</ymin>
			<ymax>254</ymax>
		</bndbox>
	</object>
</annotation>
