<annotation>
	<folder></folder>
	<filename>20220426_144202_jpg.rf.7d4691c5716606203870e4e9978afd9e.jpg</filename>
	<path>20220426_144202_jpg.rf.7d4691c5716606203870e4e9978afd9e.jpg</path>
	<source>
		<database>roboflow.ai</database>
	</source>
	<size>
		<width>416</width>
		<height>416</height>
		<depth>3</depth>
	</size>
	<segmented>0</segmented>
	<object>
		<name>machine</name>
		<pose>Unspecified</pose>
		<truncated>0</truncated>
		<difficult>0</difficult>
		<occluded>0</occluded>
		<bndbox>
			<xmin>193</xmin>
			<xmax>219</xmax>
			<ymin>225</ymin>
			<ymax>267</ymax>
		</bndbox>
	</object>
	<object>
		<name>bleach_X</name>
		<pose>Unspecified</pose>
		<truncated>0</truncated>
		<difficult>0</difficult>
		<occluded>0</occluded>
		<bndbox>
			<xmin>199</xmin>
			<xmax>225</xmax>
			<ymin>186</ymin>
			<ymax>229</ymax>
		</bndbox>
	</object>
	<object>
		<name>iron_O</name>
		<pose>Unspecified</pose>
		<truncated>0</truncated>
		<difficult>0</difficult>
		<occluded>0</occluded>
		<bndbox>
			<xmin>205</xmin>
			<xmax>229</xmax>
			<ymin>141</ymin>
			<ymax>186</ymax>
		</bndbox>
	</object>
	<object>
		<name>shade</name>
		<pose>Unspecified</pose>
		<truncated>0</truncated>
		<difficult>0</difficult>
		<occluded>0</occluded>
		<bndbox>
			<xmin>211</xmin>
			<xmax>235</xmax>
			<ymin>101</ymin>
			<ymax>146</ymax>
		</bndbox>
	</object>
</annotation>
