<annotation>
	<folder></folder>
	<filename>20220426_214308_jpg.rf.570934d565c4af792f6c2aca2620f181.jpg</filename>
	<path>20220426_214308_jpg.rf.570934d565c4af792f6c2aca2620f181.jpg</path>
	<source>
		<database>roboflow.ai</database>
	</source>
	<size>
		<width>416</width>
		<height>416</height>
		<depth>3</depth>
	</size>
	<segmented>0</segmented>
	<object>
		<name>handwash</name>
		<pose>Unspecified</pose>
		<truncated>0</truncated>
		<difficult>0</difficult>
		<occluded>0</occluded>
		<bndbox>
			<xmin>75</xmin>
			<xmax>106</xmax>
			<ymin>256</ymin>
			<ymax>304</ymax>
		</bndbox>
	</object>
	<object>
		<name>bleach_X</name>
		<pose>Unspecified</pose>
		<truncated>0</truncated>
		<difficult>0</difficult>
		<occluded>0</occluded>
		<bndbox>
			<xmin>78</xmin>
			<xmax>113</xmax>
			<ymin>210</ymin>
			<ymax>263</ymax>
		</bndbox>
	</object>
	<object>
		<name>iron_O</name>
		<pose>Unspecified</pose>
		<truncated>0</truncated>
		<difficult>0</difficult>
		<occluded>0</occluded>
		<bndbox>
			<xmin>83</xmin>
			<xmax>112</xmax>
			<ymin>175</ymin>
			<ymax>220</ymax>
		</bndbox>
	</object>
	<object>
		<name>dryclean_O</name>
		<pose>Unspecified</pose>
		<truncated>0</truncated>
		<difficult>0</difficult>
		<occluded>0</occluded>
		<bndbox>
			<xmin>87</xmin>
			<xmax>115</xmax>
			<ymin>129</ymin>
			<ymax>180</ymax>
		</bndbox>
	</object>
	<object>
		<name>wring_O</name>
		<pose>Unspecified</pose>
		<truncated>0</truncated>
		<difficult>0</difficult>
		<occluded>0</occluded>
		<bndbox>
			<xmin>92</xmin>
			<xmax>117</xmax>
			<ymin>85</ymin>
			<ymax>138</ymax>
		</bndbox>
	</object>
	<object>
		<name>shade</name>
		<pose>Unspecified</pose>
		<truncated>0</truncated>
		<difficult>0</difficult>
		<occluded>0</occluded>
		<bndbox>
			<xmin>96</xmin>
			<xmax>122</xmax>
			<ymin>48</ymin>
			<ymax>94</ymax>
		</bndbox>
	</object>
</annotation>
