<annotation>
	<folder></folder>
	<filename>20220427_204902_jpg.rf.54ef8d0b458f6c92469db7422f76ed1a.jpg</filename>
	<path>20220427_204902_jpg.rf.54ef8d0b458f6c92469db7422f76ed1a.jpg</path>
	<source>
		<database>roboflow.ai</database>
	</source>
	<size>
		<width>416</width>
		<height>416</height>
		<depth>3</depth>
	</size>
	<segmented>0</segmented>
	<object>
		<name>shade</name>
		<pose>Unspecified</pose>
		<truncated>0</truncated>
		<difficult>0</difficult>
		<occluded>0</occluded>
		<bndbox>
			<xmin>251</xmin>
			<xmax>298</xmax>
			<ymin>285</ymin>
			<ymax>335</ymax>
		</bndbox>
	</object>
	<object>
		<name>iron_O</name>
		<pose>Unspecified</pose>
		<truncated>0</truncated>
		<difficult>0</difficult>
		<occluded>0</occluded>
		<bndbox>
			<xmin>255</xmin>
			<xmax>297</xmax>
			<ymin>243</ymin>
			<ymax>291</ymax>
		</bndbox>
	</object>
	<object>
		<name>bleach_X</name>
		<pose>Unspecified</pose>
		<truncated>0</truncated>
		<difficult>0</difficult>
		<occluded>0</occluded>
		<bndbox>
			<xmin>260</xmin>
			<xmax>299</xmax>
			<ymin>210</ymin>
			<ymax>250</ymax>
		</bndbox>
	</object>
	<object>
		<name>nowater</name>
		<pose>Unspecified</pose>
		<truncated>0</truncated>
		<difficult>0</difficult>
		<occluded>0</occluded>
		<bndbox>
			<xmin>261</xmin>
			<xmax>301</xmax>
			<ymin>169</ymin>
			<ymax>215</ymax>
		</bndbox>
	</object>
	<object>
		<name>dryer_O</name>
		<pose>Unspecified</pose>
		<truncated>0</truncated>
		<difficult>0</difficult>
		<occluded>0</occluded>
		<bndbox>
			<xmin>266</xmin>
			<xmax>306</xmax>
			<ymin>136</ymin>
			<ymax>177</ymax>
		</bndbox>
	</object>
</annotation>
