<annotation>
	<folder></folder>
	<filename>20220427_204832_jpg.rf.1ef98c4e2a7948d14a8efd2ec875e73d.jpg</filename>
	<path>20220427_204832_jpg.rf.1ef98c4e2a7948d14a8efd2ec875e73d.jpg</path>
	<source>
		<database>roboflow.ai</database>
	</source>
	<size>
		<width>416</width>
		<height>416</height>
		<depth>3</depth>
	</size>
	<segmented>0</segmented>
	<object>
		<name>dryclean_O</name>
		<pose>Unspecified</pose>
		<truncated>0</truncated>
		<difficult>0</difficult>
		<occluded>0</occluded>
		<bndbox>
			<xmin>150</xmin>
			<xmax>197</xmax>
			<ymin>152</ymin>
			<ymax>202</ymax>
		</bndbox>
	</object>
	<object>
		<name>shade</name>
		<pose>Unspecified</pose>
		<truncated>0</truncated>
		<difficult>0</difficult>
		<occluded>0</occluded>
		<bndbox>
			<xmin>151</xmin>
			<xmax>193</xmax>
			<ymin>122</ymin>
			<ymax>167</ymax>
		</bndbox>
	</object>
	<object>
		<name>machine</name>
		<pose>Unspecified</pose>
		<truncated>0</truncated>
		<difficult>0</difficult>
		<occluded>0</occluded>
		<bndbox>
			<xmin>153</xmin>
			<xmax>198</xmax>
			<ymin>257</ymin>
			<ymax>303</ymax>
		</bndbox>
	</object>
	<object>
		<name>bleach_O</name>
		<pose>Unspecified</pose>
		<truncated>0</truncated>
		<difficult>0</difficult>
		<occluded>0</occluded>
		<bndbox>
			<xmin>151</xmin>
			<xmax>195</xmax>
			<ymin>224</ymin>
			<ymax>271</ymax>
		</bndbox>
	</object>
	<object>
		<name>iron_O</name>
		<pose>Unspecified</pose>
		<truncated>0</truncated>
		<difficult>0</difficult>
		<occluded>0</occluded>
		<bndbox>
			<xmin>150</xmin>
			<xmax>193</xmax>
			<ymin>190</ymin>
			<ymax>237</ymax>
		</bndbox>
	</object>
	<object>
		<name>dryer_X</name>
		<pose>Unspecified</pose>
		<truncated>0</truncated>
		<difficult>0</difficult>
		<occluded>0</occluded>
		<bndbox>
			<xmin>148</xmin>
			<xmax>189</xmax>
			<ymin>89</ymin>
			<ymax>136</ymax>
		</bndbox>
	</object>
</annotation>
