<annotation>
	<folder></folder>
	<filename>20220426_214358_jpg.rf.1e4bb21eba2f5025e4ec0bd0cd1cc9b9.jpg</filename>
	<path>20220426_214358_jpg.rf.1e4bb21eba2f5025e4ec0bd0cd1cc9b9.jpg</path>
	<source>
		<database>roboflow.ai</database>
	</source>
	<size>
		<width>416</width>
		<height>416</height>
		<depth>3</depth>
	</size>
	<segmented>0</segmented>
	<object>
		<name>machine</name>
		<pose>Unspecified</pose>
		<truncated>0</truncated>
		<difficult>0</difficult>
		<occluded>0</occluded>
		<bndbox>
			<xmin>133</xmin>
			<xmax>180</xmax>
			<ymin>148</ymin>
			<ymax>190</ymax>
		</bndbox>
	</object>
	<object>
		<name>bleach_O</name>
		<pose>Unspecified</pose>
		<truncated>0</truncated>
		<difficult>0</difficult>
		<occluded>0</occluded>
		<bndbox>
			<xmin>163</xmin>
			<xmax>221</xmax>
			<ymin>134</ymin>
			<ymax>179</ymax>
		</bndbox>
	</object>
	<object>
		<name>iron_O</name>
		<pose>Unspecified</pose>
		<truncated>0</truncated>
		<difficult>0</difficult>
		<occluded>0</occluded>
		<bndbox>
			<xmin>207</xmin>
			<xmax>268</xmax>
			<ymin>117</ymin>
			<ymax>164</ymax>
		</bndbox>
	</object>
	<object>
		<name>dryclean_O</name>
		<pose>Unspecified</pose>
		<truncated>0</truncated>
		<difficult>0</difficult>
		<occluded>0</occluded>
		<bndbox>
			<xmin>251</xmin>
			<xmax>305</xmax>
			<ymin>104</ymin>
			<ymax>147</ymax>
		</bndbox>
	</object>
	<object>
		<name>dryer_O</name>
		<pose>Unspecified</pose>
		<truncated>0</truncated>
		<difficult>0</difficult>
		<occluded>0</occluded>
		<bndbox>
			<xmin>291</xmin>
			<xmax>344</xmax>
			<ymin>92</ymin>
			<ymax>133</ymax>
		</bndbox>
	</object>
</annotation>
