<annotation>
	<folder></folder>
	<filename>20220427_205219_jpg.rf.84018f838ab2e180118c9301892fa9e6.jpg</filename>
	<path>20220427_205219_jpg.rf.84018f838ab2e180118c9301892fa9e6.jpg</path>
	<source>
		<database>roboflow.ai</database>
	</source>
	<size>
		<width>416</width>
		<height>416</height>
		<depth>3</depth>
	</size>
	<segmented>0</segmented>
	<object>
		<name>handwash</name>
		<pose>Unspecified</pose>
		<truncated>0</truncated>
		<difficult>0</difficult>
		<occluded>0</occluded>
		<bndbox>
			<xmin>309</xmin>
			<xmax>359</xmax>
			<ymin>225</ymin>
			<ymax>284</ymax>
		</bndbox>
	</object>
	<object>
		<name>iron_X</name>
		<pose>Unspecified</pose>
		<truncated>0</truncated>
		<difficult>0</difficult>
		<occluded>0</occluded>
		<bndbox>
			<xmin>305</xmin>
			<xmax>350</xmax>
			<ymin>119</ymin>
			<ymax>169</ymax>
		</bndbox>
	</object>
	<object>
		<name>bleach_X</name>
		<pose>Unspecified</pose>
		<truncated>0</truncated>
		<difficult>0</difficult>
		<occluded>0</occluded>
		<bndbox>
			<xmin>313</xmin>
			<xmax>352</xmax>
			<ymin>194</ymin>
			<ymax>237</ymax>
		</bndbox>
	</object>
	<object>
		<name>wring_X</name>
		<pose>Unspecified</pose>
		<truncated>0</truncated>
		<difficult>0</difficult>
		<occluded>0</occluded>
		<bndbox>
			<xmin>310</xmin>
			<xmax>350</xmax>
			<ymin>157</ymin>
			<ymax>207</ymax>
		</bndbox>
	</object>
</annotation>
