<annotation>
	<folder></folder>
	<filename>20220427_203938_jpg.rf.0e2dec6257df20ad3e540a568c0ea4be.jpg</filename>
	<path>20220427_203938_jpg.rf.0e2dec6257df20ad3e540a568c0ea4be.jpg</path>
	<source>
		<database>roboflow.ai</database>
	</source>
	<size>
		<width>416</width>
		<height>416</height>
		<depth>3</depth>
	</size>
	<segmented>0</segmented>
	<object>
		<name>dryclean_X</name>
		<pose>Unspecified</pose>
		<truncated>0</truncated>
		<difficult>0</difficult>
		<occluded>0</occluded>
		<bndbox>
			<xmin>113</xmin>
			<xmax>160</xmax>
			<ymin>221</ymin>
			<ymax>262</ymax>
		</bndbox>
	</object>
	<object>
		<name>iron_O</name>
		<pose>Unspecified</pose>
		<truncated>0</truncated>
		<difficult>0</difficult>
		<occluded>0</occluded>
		<bndbox>
			<xmin>151</xmin>
			<xmax>192</xmax>
			<ymin>208</ymin>
			<ymax>246</ymax>
		</bndbox>
	</object>
	<object>
		<name>dryer_X</name>
		<pose>Unspecified</pose>
		<truncated>0</truncated>
		<difficult>0</difficult>
		<occluded>0</occluded>
		<bndbox>
			<xmin>183</xmin>
			<xmax>224</xmax>
			<ymin>195</ymin>
			<ymax>233</ymax>
		</bndbox>
	</object>
	<object>
		<name>bleach_X</name>
		<pose>Unspecified</pose>
		<truncated>0</truncated>
		<difficult>0</difficult>
		<occluded>0</occluded>
		<bndbox>
			<xmin>214</xmin>
			<xmax>256</xmax>
			<ymin>181</ymin>
			<ymax>219</ymax>
		</bndbox>
	</object>
	<object>
		<name>machine</name>
		<pose>Unspecified</pose>
		<truncated>0</truncated>
		<difficult>0</difficult>
		<occluded>0</occluded>
		<bndbox>
			<xmin>245</xmin>
			<xmax>292</xmax>
			<ymin>166</ymin>
			<ymax>207</ymax>
		</bndbox>
	</object>
</annotation>
