<annotation>
	<folder></folder>
	<filename>20220426_144140_jpg.rf.64fe4087f59d98c9539e1dd07f396286.jpg</filename>
	<path>20220426_144140_jpg.rf.64fe4087f59d98c9539e1dd07f396286.jpg</path>
	<source>
		<database>roboflow.ai</database>
	</source>
	<size>
		<width>416</width>
		<height>416</height>
		<depth>3</depth>
	</size>
	<segmented>0</segmented>
	<object>
		<name>dryer_X</name>
		<pose>Unspecified</pose>
		<truncated>0</truncated>
		<difficult>0</difficult>
		<occluded>0</occluded>
		<bndbox>
			<xmin>249</xmin>
			<xmax>288</xmax>
			<ymin>253</ymin>
			<ymax>305</ymax>
		</bndbox>
	</object>
	<object>
		<name>shade</name>
		<pose>Unspecified</pose>
		<truncated>0</truncated>
		<difficult>0</difficult>
		<occluded>0</occluded>
		<bndbox>
			<xmin>234</xmin>
			<xmax>273</xmax>
			<ymin>209</ymin>
			<ymax>263</ymax>
		</bndbox>
	</object>
	<object>
		<name>dryclean_X</name>
		<pose>Unspecified</pose>
		<truncated>0</truncated>
		<difficult>0</difficult>
		<occluded>0</occluded>
		<bndbox>
			<xmin>221</xmin>
			<xmax>259</xmax>
			<ymin>166</ymin>
			<ymax>218</ymax>
		</bndbox>
	</object>
	<object>
		<name>machine</name>
		<pose>Unspecified</pose>
		<truncated>0</truncated>
		<difficult>0</difficult>
		<occluded>0</occluded>
		<bndbox>
			<xmin>180</xmin>
			<xmax>216</xmax>
			<ymin>36</ymin>
			<ymax>82</ymax>
		</bndbox>
	</object>
	<object>
		<name>iron_O</name>
		<pose>Unspecified</pose>
		<truncated>0</truncated>
		<difficult>0</difficult>
		<occluded>0</occluded>
		<bndbox>
			<xmin>206</xmin>
			<xmax>242</xmax>
			<ymin>125</ymin>
			<ymax>176</ymax>
		</bndbox>
	</object>
	<object>
		<name>bleach_X</name>
		<pose>Unspecified</pose>
		<truncated>0</truncated>
		<difficult>0</difficult>
		<occluded>0</occluded>
		<bndbox>
			<xmin>188</xmin>
			<xmax>231</xmax>
			<ymin>74</ymin>
			<ymax>133</ymax>
		</bndbox>
	</object>
</annotation>
