<annotation>
	<folder></folder>
	<filename>20220426_214600_jpg.rf.00a88e7daee899e97c2cc9115f4243ce.jpg</filename>
	<path>20220426_214600_jpg.rf.00a88e7daee899e97c2cc9115f4243ce.jpg</path>
	<source>
		<database>roboflow.ai</database>
	</source>
	<size>
		<width>416</width>
		<height>416</height>
		<depth>3</depth>
	</size>
	<segmented>0</segmented>
	<object>
		<name>dryer_X</name>
		<pose>Unspecified</pose>
		<truncated>0</truncated>
		<difficult>0</difficult>
		<occluded>0</occluded>
		<bndbox>
			<xmin>61</xmin>
			<xmax>103</xmax>
			<ymin>171</ymin>
			<ymax>195</ymax>
		</bndbox>
	</object>
	<object>
		<name>shade</name>
		<pose>Unspecified</pose>
		<truncated>0</truncated>
		<difficult>0</difficult>
		<occluded>0</occluded>
		<bndbox>
			<xmin>102</xmin>
			<xmax>138</xmax>
			<ymin>176</ymin>
			<ymax>198</ymax>
		</bndbox>
	</object>
	<object>
		<name>wring_O</name>
		<pose>Unspecified</pose>
		<truncated>0</truncated>
		<difficult>0</difficult>
		<occluded>0</occluded>
		<bndbox>
			<xmin>136</xmin>
			<xmax>176</xmax>
			<ymin>182</ymin>
			<ymax>201</ymax>
		</bndbox>
	</object>
	<object>
		<name>iron_O</name>
		<pose>Unspecified</pose>
		<truncated>0</truncated>
		<difficult>0</difficult>
		<occluded>0</occluded>
		<bndbox>
			<xmin>175</xmin>
			<xmax>214</xmax>
			<ymin>184</ymin>
			<ymax>208</ymax>
		</bndbox>
	</object>
	<object>
		<name>bleach_X</name>
		<pose>Unspecified</pose>
		<truncated>0</truncated>
		<difficult>0</difficult>
		<occluded>0</occluded>
		<bndbox>
			<xmin>212</xmin>
			<xmax>255</xmax>
			<ymin>189</ymin>
			<ymax>213</ymax>
		</bndbox>
	</object>
	<object>
		<name>handwash</name>
		<pose>Unspecified</pose>
		<truncated>0</truncated>
		<difficult>0</difficult>
		<occluded>0</occluded>
		<bndbox>
			<xmin>253</xmin>
			<xmax>297</xmax>
			<ymin>193</ymin>
			<ymax>219</ymax>
		</bndbox>
	</object>
</annotation>
