<annotation>
	<folder></folder>
	<filename>20220427_204309_jpg.rf.8738913198571dbf40a5558527ad3b86.jpg</filename>
	<path>20220427_204309_jpg.rf.8738913198571dbf40a5558527ad3b86.jpg</path>
	<source>
		<database>roboflow.ai</database>
	</source>
	<size>
		<width>416</width>
		<height>416</height>
		<depth>3</depth>
	</size>
	<segmented>0</segmented>
	<object>
		<name>machine</name>
		<pose>Unspecified</pose>
		<truncated>0</truncated>
		<difficult>0</difficult>
		<occluded>0</occluded>
		<bndbox>
			<xmin>119</xmin>
			<xmax>176</xmax>
			<ymin>106</ymin>
			<ymax>170</ymax>
		</bndbox>
	</object>
	<object>
		<name>bleach_X</name>
		<pose>Unspecified</pose>
		<truncated>0</truncated>
		<difficult>0</difficult>
		<occluded>0</occluded>
		<bndbox>
			<xmin>141</xmin>
			<xmax>196</xmax>
			<ymin>148</ymin>
			<ymax>213</ymax>
		</bndbox>
	</object>
	<object>
		<name>dryer_X</name>
		<pose>Unspecified</pose>
		<truncated>0</truncated>
		<difficult>0</difficult>
		<occluded>0</occluded>
		<bndbox>
			<xmin>161</xmin>
			<xmax>216</xmax>
			<ymin>190</ymin>
			<ymax>256</ymax>
		</bndbox>
	</object>
	<object>
		<name>iron_O</name>
		<pose>Unspecified</pose>
		<truncated>0</truncated>
		<difficult>0</difficult>
		<occluded>0</occluded>
		<bndbox>
			<xmin>182</xmin>
			<xmax>236</xmax>
			<ymin>234</ymin>
			<ymax>299</ymax>
		</bndbox>
	</object>
	<object>
		<name>dryclean_X</name>
		<pose>Unspecified</pose>
		<truncated>0</truncated>
		<difficult>0</difficult>
		<occluded>0</occluded>
		<bndbox>
			<xmin>202</xmin>
			<xmax>255</xmax>
			<ymin>278</ymin>
			<ymax>339</ymax>
		</bndbox>
	</object>
</annotation>
