<annotation>
	<folder></folder>
	<filename>20220427_205219_jpg.rf.e09ce6f6ce95e8a653662e47d01b9e8f.jpg</filename>
	<path>20220427_205219_jpg.rf.e09ce6f6ce95e8a653662e47d01b9e8f.jpg</path>
	<source>
		<database>roboflow.ai</database>
	</source>
	<size>
		<width>416</width>
		<height>416</height>
		<depth>3</depth>
	</size>
	<segmented>0</segmented>
	<object>
		<name>handwash</name>
		<pose>Unspecified</pose>
		<truncated>0</truncated>
		<difficult>0</difficult>
		<occluded>0</occluded>
		<bndbox>
			<xmin>251</xmin>
			<xmax>298</xmax>
			<ymin>210</ymin>
			<ymax>268</ymax>
		</bndbox>
	</object>
	<object>
		<name>iron_X</name>
		<pose>Unspecified</pose>
		<truncated>0</truncated>
		<difficult>0</difficult>
		<occluded>0</occluded>
		<bndbox>
			<xmin>272</xmin>
			<xmax>316</xmax>
			<ymin>106</ymin>
			<ymax>155</ymax>
		</bndbox>
	</object>
	<object>
		<name>bleach_X</name>
		<pose>Unspecified</pose>
		<truncated>0</truncated>
		<difficult>0</difficult>
		<occluded>0</occluded>
		<bndbox>
			<xmin>263</xmin>
			<xmax>301</xmax>
			<ymin>181</ymin>
			<ymax>223</ymax>
		</bndbox>
	</object>
	<object>
		<name>wring_X</name>
		<pose>Unspecified</pose>
		<truncated>0</truncated>
		<difficult>0</difficult>
		<occluded>0</occluded>
		<bndbox>
			<xmin>268</xmin>
			<xmax>308</xmax>
			<ymin>144</ymin>
			<ymax>194</ymax>
		</bndbox>
	</object>
</annotation>
