<annotation>
	<folder></folder>
	<filename>20220427_205219_jpg.rf.d5f082f5ed8acf0ac20902b0dd908e91.jpg</filename>
	<path>20220427_205219_jpg.rf.d5f082f5ed8acf0ac20902b0dd908e91.jpg</path>
	<source>
		<database>roboflow.ai</database>
	</source>
	<size>
		<width>416</width>
		<height>416</height>
		<depth>3</depth>
	</size>
	<segmented>0</segmented>
	<object>
		<name>handwash</name>
		<pose>Unspecified</pose>
		<truncated>0</truncated>
		<difficult>0</difficult>
		<occluded>0</occluded>
		<bndbox>
			<xmin>277</xmin>
			<xmax>329</xmax>
			<ymin>130</ymin>
			<ymax>193</ymax>
		</bndbox>
	</object>
	<object>
		<name>iron_X</name>
		<pose>Unspecified</pose>
		<truncated>0</truncated>
		<difficult>0</difficult>
		<occluded>0</occluded>
		<bndbox>
			<xmin>313</xmin>
			<xmax>359</xmax>
			<ymin>247</ymin>
			<ymax>300</ymax>
		</bndbox>
	</object>
	<object>
		<name>bleach_X</name>
		<pose>Unspecified</pose>
		<truncated>0</truncated>
		<difficult>0</difficult>
		<occluded>0</occluded>
		<bndbox>
			<xmin>294</xmin>
			<xmax>336</xmax>
			<ymin>178</ymin>
			<ymax>224</ymax>
		</bndbox>
	</object>
	<object>
		<name>wring_X</name>
		<pose>Unspecified</pose>
		<truncated>0</truncated>
		<difficult>0</difficult>
		<occluded>0</occluded>
		<bndbox>
			<xmin>305</xmin>
			<xmax>346</xmax>
			<ymin>207</ymin>
			<ymax>260</ymax>
		</bndbox>
	</object>
</annotation>
