<annotation>
	<folder></folder>
	<filename>20220427_205219_jpg.rf.fa999d377acc62a43fb78db8e079ebc6.jpg</filename>
	<path>20220427_205219_jpg.rf.fa999d377acc62a43fb78db8e079ebc6.jpg</path>
	<source>
		<database>roboflow.ai</database>
	</source>
	<size>
		<width>416</width>
		<height>416</height>
		<depth>3</depth>
	</size>
	<segmented>0</segmented>
	<object>
		<name>handwash</name>
		<pose>Unspecified</pose>
		<truncated>0</truncated>
		<difficult>0</difficult>
		<occluded>0</occluded>
		<bndbox>
			<xmin>166</xmin>
			<xmax>216</xmax>
			<ymin>97</ymin>
			<ymax>131</ymax>
		</bndbox>
	</object>
	<object>
		<name>iron_X</name>
		<pose>Unspecified</pose>
		<truncated>0</truncated>
		<difficult>0</difficult>
		<occluded>0</occluded>
		<bndbox>
			<xmin>280</xmin>
			<xmax>323</xmax>
			<ymin>103</ymin>
			<ymax>134</ymax>
		</bndbox>
	</object>
	<object>
		<name>bleach_X</name>
		<pose>Unspecified</pose>
		<truncated>0</truncated>
		<difficult>0</difficult>
		<occluded>0</occluded>
		<bndbox>
			<xmin>212</xmin>
			<xmax>248</xmax>
			<ymin>100</ymin>
			<ymax>129</ymax>
		</bndbox>
	</object>
	<object>
		<name>wring_X</name>
		<pose>Unspecified</pose>
		<truncated>0</truncated>
		<difficult>0</difficult>
		<occluded>0</occluded>
		<bndbox>
			<xmin>242</xmin>
			<xmax>284</xmax>
			<ymin>102</ymin>
			<ymax>129</ymax>
		</bndbox>
	</object>
</annotation>
