<annotation>
	<folder></folder>
	<filename>20220427_204433_jpg.rf.3d883df78d3707a3608b7b18fb88795b.jpg</filename>
	<path>20220427_204433_jpg.rf.3d883df78d3707a3608b7b18fb88795b.jpg</path>
	<source>
		<database>roboflow.ai</database>
	</source>
	<size>
		<width>416</width>
		<height>416</height>
		<depth>3</depth>
	</size>
	<segmented>0</segmented>
	<object>
		<name>dryclean_O</name>
		<pose>Unspecified</pose>
		<truncated>0</truncated>
		<difficult>0</difficult>
		<occluded>0</occluded>
		<bndbox>
			<xmin>123</xmin>
			<xmax>166</xmax>
			<ymin>141</ymin>
			<ymax>188</ymax>
		</bndbox>
	</object>
	<object>
		<name>iron_O</name>
		<pose>Unspecified</pose>
		<truncated>0</truncated>
		<difficult>0</difficult>
		<occluded>0</occluded>
		<bndbox>
			<xmin>132</xmin>
			<xmax>171</xmax>
			<ymin>182</ymin>
			<ymax>226</ymax>
		</bndbox>
	</object>
	<object>
		<name>shade</name>
		<pose>Unspecified</pose>
		<truncated>0</truncated>
		<difficult>0</difficult>
		<occluded>0</occluded>
		<bndbox>
			<xmin>135</xmin>
			<xmax>174</xmax>
			<ymin>223</ymin>
			<ymax>268</ymax>
		</bndbox>
	</object>
	<object>
		<name>handwash</name>
		<pose>Unspecified</pose>
		<truncated>0</truncated>
		<difficult>0</difficult>
		<occluded>0</occluded>
		<bndbox>
			<xmin>133</xmin>
			<xmax>185</xmax>
			<ymin>302</ymin>
			<ymax>355</ymax>
		</bndbox>
	</object>
	<object>
		<name>bleach_X</name>
		<pose>Unspecified</pose>
		<truncated>0</truncated>
		<difficult>0</difficult>
		<occluded>0</occluded>
		<bndbox>
			<xmin>139</xmin>
			<xmax>180</xmax>
			<ymin>263</ymin>
			<ymax>307</ymax>
		</bndbox>
	</object>
</annotation>
