<annotation>
	<folder></folder>
	<filename>20220427_204902_jpg.rf.31a8a2056fe20b5914bb15379231ae07.jpg</filename>
	<path>20220427_204902_jpg.rf.31a8a2056fe20b5914bb15379231ae07.jpg</path>
	<source>
		<database>roboflow.ai</database>
	</source>
	<size>
		<width>416</width>
		<height>416</height>
		<depth>3</depth>
	</size>
	<segmented>0</segmented>
	<object>
		<name>shade</name>
		<pose>Unspecified</pose>
		<truncated>0</truncated>
		<difficult>0</difficult>
		<occluded>0</occluded>
		<bndbox>
			<xmin>112</xmin>
			<xmax>165</xmax>
			<ymin>135</ymin>
			<ymax>183</ymax>
		</bndbox>
	</object>
	<object>
		<name>iron_O</name>
		<pose>Unspecified</pose>
		<truncated>0</truncated>
		<difficult>0</difficult>
		<occluded>0</occluded>
		<bndbox>
			<xmin>155</xmin>
			<xmax>208</xmax>
			<ymin>130</ymin>
			<ymax>175</ymax>
		</bndbox>
	</object>
	<object>
		<name>bleach_X</name>
		<pose>Unspecified</pose>
		<truncated>0</truncated>
		<difficult>0</difficult>
		<occluded>0</occluded>
		<bndbox>
			<xmin>196</xmin>
			<xmax>242</xmax>
			<ymin>126</ymin>
			<ymax>166</ymax>
		</bndbox>
	</object>
	<object>
		<name>nowater</name>
		<pose>Unspecified</pose>
		<truncated>0</truncated>
		<difficult>0</difficult>
		<occluded>0</occluded>
		<bndbox>
			<xmin>232</xmin>
			<xmax>284</xmax>
			<ymin>120</ymin>
			<ymax>161</ymax>
		</bndbox>
	</object>
	<object>
		<name>dryer_O</name>
		<pose>Unspecified</pose>
		<truncated>0</truncated>
		<difficult>0</difficult>
		<occluded>0</occluded>
		<bndbox>
			<xmin>274</xmin>
			<xmax>317</xmax>
			<ymin>111</ymin>
			<ymax>153</ymax>
		</bndbox>
	</object>
</annotation>
