<annotation>
	<folder></folder>
	<filename>20220426_144202_jpg.rf.75f637792947d5a0b9f9ccf4439fbd16.jpg</filename>
	<path>20220426_144202_jpg.rf.75f637792947d5a0b9f9ccf4439fbd16.jpg</path>
	<source>
		<database>roboflow.ai</database>
	</source>
	<size>
		<width>416</width>
		<height>416</height>
		<depth>3</depth>
	</size>
	<segmented>0</segmented>
	<object>
		<name>machine</name>
		<pose>Unspecified</pose>
		<truncated>0</truncated>
		<difficult>0</difficult>
		<occluded>0</occluded>
		<bndbox>
			<xmin>140</xmin>
			<xmax>183</xmax>
			<ymin>170</ymin>
			<ymax>204</ymax>
		</bndbox>
	</object>
	<object>
		<name>bleach_X</name>
		<pose>Unspecified</pose>
		<truncated>0</truncated>
		<difficult>0</difficult>
		<occluded>0</occluded>
		<bndbox>
			<xmin>174</xmin>
			<xmax>218</xmax>
			<ymin>160</ymin>
			<ymax>193</ymax>
		</bndbox>
	</object>
	<object>
		<name>iron_O</name>
		<pose>Unspecified</pose>
		<truncated>0</truncated>
		<difficult>0</difficult>
		<occluded>0</occluded>
		<bndbox>
			<xmin>213</xmin>
			<xmax>257</xmax>
			<ymin>150</ymin>
			<ymax>181</ymax>
		</bndbox>
	</object>
	<object>
		<name>shade</name>
		<pose>Unspecified</pose>
		<truncated>0</truncated>
		<difficult>0</difficult>
		<occluded>0</occluded>
		<bndbox>
			<xmin>250</xmin>
			<xmax>296</xmax>
			<ymin>137</ymin>
			<ymax>171</ymax>
		</bndbox>
	</object>
</annotation>
