<annotation>
	<folder></folder>
	<filename>20220427_205219_jpg.rf.baf8ea053e402dfd05249c11a9d1fd7e.jpg</filename>
	<path>20220427_205219_jpg.rf.baf8ea053e402dfd05249c11a9d1fd7e.jpg</path>
	<source>
		<database>roboflow.ai</database>
	</source>
	<size>
		<width>416</width>
		<height>416</height>
		<depth>3</depth>
	</size>
	<segmented>0</segmented>
	<object>
		<name>handwash</name>
		<pose>Unspecified</pose>
		<truncated>0</truncated>
		<difficult>0</difficult>
		<occluded>0</occluded>
		<bndbox>
			<xmin>323</xmin>
			<xmax>372</xmax>
			<ymin>166</ymin>
			<ymax>222</ymax>
		</bndbox>
	</object>
	<object>
		<name>iron_X</name>
		<pose>Unspecified</pose>
		<truncated>0</truncated>
		<difficult>0</difficult>
		<occluded>0</occluded>
		<bndbox>
			<xmin>296</xmin>
			<xmax>341</xmax>
			<ymin>60</ymin>
			<ymax>108</ymax>
		</bndbox>
	</object>
	<object>
		<name>bleach_X</name>
		<pose>Unspecified</pose>
		<truncated>0</truncated>
		<difficult>0</difficult>
		<occluded>0</occluded>
		<bndbox>
			<xmin>319</xmin>
			<xmax>357</xmax>
			<ymin>134</ymin>
			<ymax>175</ymax>
		</bndbox>
	</object>
	<object>
		<name>wring_X</name>
		<pose>Unspecified</pose>
		<truncated>0</truncated>
		<difficult>0</difficult>
		<occluded>0</occluded>
		<bndbox>
			<xmin>310</xmin>
			<xmax>349</xmax>
			<ymin>98</ymin>
			<ymax>146</ymax>
		</bndbox>
	</object>
</annotation>
