<annotation>
	<folder></folder>
	<filename>20220426_214450_jpg.rf.f34ff107ac3a6e2b4de26270f644ddd7.jpg</filename>
	<path>20220426_214450_jpg.rf.f34ff107ac3a6e2b4de26270f644ddd7.jpg</path>
	<source>
		<database>roboflow.ai</database>
	</source>
	<size>
		<width>416</width>
		<height>416</height>
		<depth>3</depth>
	</size>
	<segmented>0</segmented>
	<object>
		<name>nowater</name>
		<pose>Unspecified</pose>
		<truncated>0</truncated>
		<difficult>0</difficult>
		<occluded>0</occluded>
		<bndbox>
			<xmin>205</xmin>
			<xmax>247</xmax>
			<ymin>47</ymin>
			<ymax>117</ymax>
		</bndbox>
	</object>
	<object>
		<name>bleach_X</name>
		<pose>Unspecified</pose>
		<truncated>0</truncated>
		<difficult>0</difficult>
		<occluded>0</occluded>
		<bndbox>
			<xmin>210</xmin>
			<xmax>254</xmax>
			<ymin>110</ymin>
			<ymax>170</ymax>
		</bndbox>
	</object>
	<object>
		<name>iron_O</name>
		<pose>Unspecified</pose>
		<truncated>0</truncated>
		<difficult>0</difficult>
		<occluded>0</occluded>
		<bndbox>
			<xmin>218</xmin>
			<xmax>257</xmax>
			<ymin>162</ymin>
			<ymax>214</ymax>
		</bndbox>
	</object>
</annotation>
