<annotation>
	<folder></folder>
	<filename>3_jpg.rf.324cce028fba6a8e52309b5a6ba73c9e.jpg</filename>
	<path>3_jpg.rf.324cce028fba6a8e52309b5a6ba73c9e.jpg</path>
	<source>
		<database>roboflow.ai</database>
	</source>
	<size>
		<width>416</width>
		<height>416</height>
		<depth>3</depth>
	</size>
	<segmented>0</segmented>
	<object>
		<name>machine</name>
		<pose>Unspecified</pose>
		<truncated>0</truncated>
		<difficult>0</difficult>
		<occluded>0</occluded>
		<bndbox>
			<xmin>183</xmin>
			<xmax>210</xmax>
			<ymin>10</ymin>
			<ymax>38</ymax>
		</bndbox>
	</object>
	<object>
		<name>dryclean_X</name>
		<pose>Unspecified</pose>
		<truncated>0</truncated>
		<difficult>0</difficult>
		<occluded>0</occluded>
		<bndbox>
			<xmin>177</xmin>
			<xmax>206</xmax>
			<ymin>33</ymin>
			<ymax>67</ymax>
		</bndbox>
	</object>
	<object>
		<name>bleach_X</name>
		<pose>Unspecified</pose>
		<truncated>0</truncated>
		<difficult>0</difficult>
		<occluded>0</occluded>
		<bndbox>
			<xmin>170</xmin>
			<xmax>197</xmax>
			<ymin>62</ymin>
			<ymax>95</ymax>
		</bndbox>
	</object>
	<object>
		<name>iron_O</name>
		<pose>Unspecified</pose>
		<truncated>0</truncated>
		<difficult>0</difficult>
		<occluded>0</occluded>
		<bndbox>
			<xmin>164</xmin>
			<xmax>190</xmax>
			<ymin>93</ymin>
			<ymax>125</ymax>
		</bndbox>
	</object>
	<object>
		<name>shade</name>
		<pose>Unspecified</pose>
		<truncated>0</truncated>
		<difficult>0</difficult>
		<occluded>0</occluded>
		<bndbox>
			<xmin>150</xmin>
			<xmax>176</xmax>
			<ymin>173</ymin>
			<ymax>204</ymax>
		</bndbox>
	</object>
	<object>
		<name>dryer_X</name>
		<pose>Unspecified</pose>
		<truncated>0</truncated>
		<difficult>0</difficult>
		<occluded>0</occluded>
		<bndbox>
			<xmin>158</xmin>
			<xmax>183</xmax>
			<ymin>121</ymin>
			<ymax>151</ymax>
		</bndbox>
	</object>
</annotation>
