<annotation>
	<folder></folder>
	<filename>4_jpg.rf.e5e95f66cc8103390a20ac585dbcfc85.jpg</filename>
	<path>4_jpg.rf.e5e95f66cc8103390a20ac585dbcfc85.jpg</path>
	<source>
		<database>roboflow.ai</database>
	</source>
	<size>
		<width>416</width>
		<height>416</height>
		<depth>3</depth>
	</size>
	<segmented>0</segmented>
	<object>
		<name>wring_O</name>
		<pose>Unspecified</pose>
		<truncated>0</truncated>
		<difficult>0</difficult>
		<occluded>0</occluded>
		<bndbox>
			<xmin>235</xmin>
			<xmax>282</xmax>
			<ymin>252</ymin>
			<ymax>285</ymax>
		</bndbox>
	</object>
	<object>
		<name>bleach_X</name>
		<pose>Unspecified</pose>
		<truncated>0</truncated>
		<difficult>0</difficult>
		<occluded>0</occluded>
		<bndbox>
			<xmin>193</xmin>
			<xmax>239</xmax>
			<ymin>241</ymin>
			<ymax>278</ymax>
		</bndbox>
	</object>
	<object>
		<name>handwash</name>
		<pose>Unspecified</pose>
		<truncated>0</truncated>
		<difficult>0</difficult>
		<occluded>0</occluded>
		<bndbox>
			<xmin>153</xmin>
			<xmax>194</xmax>
			<ymin>235</ymin>
			<ymax>268</ymax>
		</bndbox>
	</object>
</annotation>
