<annotation>
	<folder></folder>
	<filename>4_jpg.rf.8bfcdfb6abb7fbbc46f684241b5880e7.jpg</filename>
	<path>4_jpg.rf.8bfcdfb6abb7fbbc46f684241b5880e7.jpg</path>
	<source>
		<database>roboflow.ai</database>
	</source>
	<size>
		<width>416</width>
		<height>416</height>
		<depth>3</depth>
	</size>
	<segmented>0</segmented>
	<object>
		<name>wring_O</name>
		<pose>Unspecified</pose>
		<truncated>0</truncated>
		<difficult>0</difficult>
		<occluded>0</occluded>
		<bndbox>
			<xmin>216</xmin>
			<xmax>244</xmax>
			<ymin>129</ymin>
			<ymax>173</ymax>
		</bndbox>
	</object>
	<object>
		<name>bleach_X</name>
		<pose>Unspecified</pose>
		<truncated>0</truncated>
		<difficult>0</difficult>
		<occluded>0</occluded>
		<bndbox>
			<xmin>217</xmin>
			<xmax>245</xmax>
			<ymin>170</ymin>
			<ymax>213</ymax>
		</bndbox>
	</object>
	<object>
		<name>handwash</name>
		<pose>Unspecified</pose>
		<truncated>0</truncated>
		<difficult>0</difficult>
		<occluded>0</occluded>
		<bndbox>
			<xmin>220</xmin>
			<xmax>249</xmax>
			<ymin>214</ymin>
			<ymax>249</ymax>
		</bndbox>
	</object>
</annotation>
