<annotation>
	<folder></folder>
	<filename>4_jpg.rf.dc69f1542d1ffad7b4df1620b4a27eda.jpg</filename>
	<path>4_jpg.rf.dc69f1542d1ffad7b4df1620b4a27eda.jpg</path>
	<source>
		<database>roboflow.ai</database>
	</source>
	<size>
		<width>416</width>
		<height>416</height>
		<depth>3</depth>
	</size>
	<segmented>0</segmented>
	<object>
		<name>wring_O</name>
		<pose>Unspecified</pose>
		<truncated>0</truncated>
		<difficult>0</difficult>
		<occluded>0</occluded>
		<bndbox>
			<xmin>183</xmin>
			<xmax>231</xmax>
			<ymin>147</ymin>
			<ymax>185</ymax>
		</bndbox>
	</object>
	<object>
		<name>bleach_X</name>
		<pose>Unspecified</pose>
		<truncated>0</truncated>
		<difficult>0</difficult>
		<occluded>0</occluded>
		<bndbox>
			<xmin>220</xmin>
			<xmax>268</xmax>
			<ymin>166</ymin>
			<ymax>207</ymax>
		</bndbox>
	</object>
	<object>
		<name>handwash</name>
		<pose>Unspecified</pose>
		<truncated>0</truncated>
		<difficult>0</difficult>
		<occluded>0</occluded>
		<bndbox>
			<xmin>260</xmin>
			<xmax>301</xmax>
			<ymin>188</ymin>
			<ymax>226</ymax>
		</bndbox>
	</object>
</annotation>
