<annotation>
	<folder></folder>
	<filename>4_jpg.rf.1d34ed5ded085359ce0e36c13126e9e8.jpg</filename>
	<path>4_jpg.rf.1d34ed5ded085359ce0e36c13126e9e8.jpg</path>
	<source>
		<database>roboflow.ai</database>
	</source>
	<size>
		<width>416</width>
		<height>416</height>
		<depth>3</depth>
	</size>
	<segmented>0</segmented>
	<object>
		<name>wring_O</name>
		<pose>Unspecified</pose>
		<truncated>0</truncated>
		<difficult>0</difficult>
		<occluded>0</occluded>
		<bndbox>
			<xmin>198</xmin>
			<xmax>243</xmax>
			<ymin>137</ymin>
			<ymax>169</ymax>
		</bndbox>
	</object>
	<object>
		<name>bleach_X</name>
		<pose>Unspecified</pose>
		<truncated>0</truncated>
		<difficult>0</difficult>
		<occluded>0</occluded>
		<bndbox>
			<xmin>159</xmin>
			<xmax>204</xmax>
			<ymin>146</ymin>
			<ymax>181</ymax>
		</bndbox>
	</object>
	<object>
		<name>handwash</name>
		<pose>Unspecified</pose>
		<truncated>0</truncated>
		<difficult>0</difficult>
		<occluded>0</occluded>
		<bndbox>
			<xmin>122</xmin>
			<xmax>161</xmax>
			<ymin>157</ymin>
			<ymax>189</ymax>
		</bndbox>
	</object>
</annotation>
