<annotation>
	<folder></folder>
	<filename>4_jpg.rf.f1b16a6736b92c3e7df64d979065fd27.jpg</filename>
	<path>4_jpg.rf.f1b16a6736b92c3e7df64d979065fd27.jpg</path>
	<source>
		<database>roboflow.ai</database>
	</source>
	<size>
		<width>416</width>
		<height>416</height>
		<depth>3</depth>
	</size>
	<segmented>0</segmented>
	<object>
		<name>wring_O</name>
		<pose>Unspecified</pose>
		<truncated>0</truncated>
		<difficult>0</difficult>
		<occluded>0</occluded>
		<bndbox>
			<xmin>221</xmin>
			<xmax>251</xmax>
			<ymin>182</ymin>
			<ymax>225</ymax>
		</bndbox>
	</object>
	<object>
		<name>bleach_X</name>
		<pose>Unspecified</pose>
		<truncated>0</truncated>
		<difficult>0</difficult>
		<occluded>0</occluded>
		<bndbox>
			<xmin>211</xmin>
			<xmax>245</xmax>
			<ymin>146</ymin>
			<ymax>187</ymax>
		</bndbox>
	</object>
	<object>
		<name>handwash</name>
		<pose>Unspecified</pose>
		<truncated>0</truncated>
		<difficult>0</difficult>
		<occluded>0</occluded>
		<bndbox>
			<xmin>204</xmin>
			<xmax>235</xmax>
			<ymin>112</ymin>
			<ymax>147</ymax>
		</bndbox>
	</object>
</annotation>
