<annotation>
	<folder></folder>
	<filename>4_jpg.rf.2b8856cdea71ed33d3a4c1512bbea969.jpg</filename>
	<path>4_jpg.rf.2b8856cdea71ed33d3a4c1512bbea969.jpg</path>
	<source>
		<database>roboflow.ai</database>
	</source>
	<size>
		<width>416</width>
		<height>416</height>
		<depth>3</depth>
	</size>
	<segmented>0</segmented>
	<object>
		<name>wring_O</name>
		<pose>Unspecified</pose>
		<truncated>0</truncated>
		<difficult>0</difficult>
		<occluded>0</occluded>
		<bndbox>
			<xmin>245</xmin>
			<xmax>273</xmax>
			<ymin>201</ymin>
			<ymax>245</ymax>
		</bndbox>
	</object>
	<object>
		<name>bleach_X</name>
		<pose>Unspecified</pose>
		<truncated>0</truncated>
		<difficult>0</difficult>
		<occluded>0</occluded>
		<bndbox>
			<xmin>240</xmin>
			<xmax>271</xmax>
			<ymin>160</ymin>
			<ymax>201</ymax>
		</bndbox>
	</object>
	<object>
		<name>handwash</name>
		<pose>Unspecified</pose>
		<truncated>0</truncated>
		<difficult>0</difficult>
		<occluded>0</occluded>
		<bndbox>
			<xmin>241</xmin>
			<xmax>268</xmax>
			<ymin>121</ymin>
			<ymax>155</ymax>
		</bndbox>
	</object>
</annotation>
