<annotation>
	<folder></folder>
	<filename>4_jpg.rf.c1fd5db7bdbb8dc7564fa193e121f1fb.jpg</filename>
	<path>4_jpg.rf.c1fd5db7bdbb8dc7564fa193e121f1fb.jpg</path>
	<source>
		<database>roboflow.ai</database>
	</source>
	<size>
		<width>416</width>
		<height>416</height>
		<depth>3</depth>
	</size>
	<segmented>0</segmented>
	<object>
		<name>wring_O</name>
		<pose>Unspecified</pose>
		<truncated>0</truncated>
		<difficult>0</difficult>
		<occluded>0</occluded>
		<bndbox>
			<xmin>177</xmin>
			<xmax>215</xmax>
			<ymin>160</ymin>
			<ymax>186</ymax>
		</bndbox>
	</object>
	<object>
		<name>bleach_X</name>
		<pose>Unspecified</pose>
		<truncated>0</truncated>
		<difficult>0</difficult>
		<occluded>0</occluded>
		<bndbox>
			<xmin>216</xmin>
			<xmax>253</xmax>
			<ymin>169</ymin>
			<ymax>199</ymax>
		</bndbox>
	</object>
	<object>
		<name>handwash</name>
		<pose>Unspecified</pose>
		<truncated>0</truncated>
		<difficult>0</difficult>
		<occluded>0</occluded>
		<bndbox>
			<xmin>257</xmin>
			<xmax>288</xmax>
			<ymin>181</ymin>
			<ymax>208</ymax>
		</bndbox>
	</object>
</annotation>
