<annotation>
	<folder></folder>
	<filename>4_jpg.rf.26dbdf9b7045507c9d9d9c3c1264f5c4.jpg</filename>
	<path>4_jpg.rf.26dbdf9b7045507c9d9d9c3c1264f5c4.jpg</path>
	<source>
		<database>roboflow.ai</database>
	</source>
	<size>
		<width>416</width>
		<height>416</height>
		<depth>3</depth>
	</size>
	<segmented>0</segmented>
	<object>
		<name>wring_O</name>
		<pose>Unspecified</pose>
		<truncated>0</truncated>
		<difficult>0</difficult>
		<occluded>0</occluded>
		<bndbox>
			<xmin>189</xmin>
			<xmax>219</xmax>
			<ymin>158</ymin>
			<ymax>199</ymax>
		</bndbox>
	</object>
	<object>
		<name>bleach_X</name>
		<pose>Unspecified</pose>
		<truncated>0</truncated>
		<difficult>0</difficult>
		<occluded>0</occluded>
		<bndbox>
			<xmin>190</xmin>
			<xmax>222</xmax>
			<ymin>198</ymin>
			<ymax>237</ymax>
		</bndbox>
	</object>
	<object>
		<name>handwash</name>
		<pose>Unspecified</pose>
		<truncated>0</truncated>
		<difficult>0</difficult>
		<occluded>0</occluded>
		<bndbox>
			<xmin>192</xmin>
			<xmax>221</xmax>
			<ymin>240</ymin>
			<ymax>273</ymax>
		</bndbox>
	</object>
</annotation>
