<annotation>
	<folder></folder>
	<filename>7_jpg.rf.69b3105b5f5dec258ab9eba8fdbc78aa.jpg</filename>
	<path>7_jpg.rf.69b3105b5f5dec258ab9eba8fdbc78aa.jpg</path>
	<source>
		<database>roboflow.ai</database>
	</source>
	<size>
		<width>416</width>
		<height>416</height>
		<depth>3</depth>
	</size>
	<segmented>0</segmented>
	<object>
		<name>dryer_X</name>
		<pose>Unspecified</pose>
		<truncated>0</truncated>
		<difficult>0</difficult>
		<occluded>0</occluded>
		<bndbox>
			<xmin>210</xmin>
			<xmax>232</xmax>
			<ymin>137</ymin>
			<ymax>165</ymax>
		</bndbox>
	</object>
	<object>
		<name>iron_O</name>
		<pose>Unspecified</pose>
		<truncated>0</truncated>
		<difficult>0</difficult>
		<occluded>0</occluded>
		<bndbox>
			<xmin>218</xmin>
			<xmax>240</xmax>
			<ymin>187</ymin>
			<ymax>213</ymax>
		</bndbox>
	</object>
	<object>
		<name>dryclean_O</name>
		<pose>Unspecified</pose>
		<truncated>0</truncated>
		<difficult>0</difficult>
		<occluded>0</occluded>
		<bndbox>
			<xmin>228</xmin>
			<xmax>248</xmax>
			<ymin>238</ymin>
			<ymax>263</ymax>
		</bndbox>
	</object>
	<object>
		<name>shade</name>
		<pose>Unspecified</pose>
		<truncated>0</truncated>
		<difficult>0</difficult>
		<occluded>0</occluded>
		<bndbox>
			<xmin>214</xmin>
			<xmax>236</xmax>
			<ymin>161</ymin>
			<ymax>189</ymax>
		</bndbox>
	</object>
	<object>
		<name>bleach_X</name>
		<pose>Unspecified</pose>
		<truncated>0</truncated>
		<difficult>0</difficult>
		<occluded>0</occluded>
		<bndbox>
			<xmin>223</xmin>
			<xmax>244</xmax>
			<ymin>210</ymin>
			<ymax>240</ymax>
		</bndbox>
	</object>
</annotation>
