<annotation>
	<folder></folder>
	<filename>9_jpg.rf.07b3903c1b5968dc516d564458768cf4.jpg</filename>
	<path>9_jpg.rf.07b3903c1b5968dc516d564458768cf4.jpg</path>
	<source>
		<database>roboflow.ai</database>
	</source>
	<size>
		<width>416</width>
		<height>416</height>
		<depth>3</depth>
	</size>
	<segmented>0</segmented>
	<object>
		<name>bleach_O</name>
		<pose>Unspecified</pose>
		<truncated>0</truncated>
		<difficult>0</difficult>
		<occluded>0</occluded>
		<bndbox>
			<xmin>245</xmin>
			<xmax>251</xmax>
			<ymin>223</ymin>
			<ymax>229</ymax>
		</bndbox>
	</object>
	<object>
		<name>dryclean_X</name>
		<pose>Unspecified</pose>
		<truncated>0</truncated>
		<difficult>0</difficult>
		<occluded>0</occluded>
		<bndbox>
			<xmin>219</xmin>
			<xmax>235</xmax>
			<ymin>225</ymin>
			<ymax>236</ymax>
		</bndbox>
	</object>
	<object>
		<name>bleach_O</name>
		<pose>Unspecified</pose>
		<truncated>0</truncated>
		<difficult>0</difficult>
		<occluded>0</occluded>
		<bndbox>
			<xmin>248</xmin>
			<xmax>264</xmax>
			<ymin>214</ymin>
			<ymax>225</ymax>
		</bndbox>
	</object>
	<object>
		<name>bleach_O</name>
		<pose>Unspecified</pose>
		<truncated>0</truncated>
		<difficult>0</difficult>
		<occluded>0</occluded>
		<bndbox>
			<xmin>246</xmin>
			<xmax>264</xmax>
			<ymin>214</ymin>
			<ymax>225</ymax>
		</bndbox>
	</object>
	<object>
		<name>machine</name>
		<pose>Unspecified</pose>
		<truncated>0</truncated>
		<difficult>0</difficult>
		<occluded>0</occluded>
		<bndbox>
			<xmin>261</xmin>
			<xmax>278</xmax>
			<ymin>208</ymin>
			<ymax>223</ymax>
		</bndbox>
	</object>
	<object>
		<name>iron_X</name>
		<pose>Unspecified</pose>
		<truncated>0</truncated>
		<difficult>0</difficult>
		<occluded>0</occluded>
		<bndbox>
			<xmin>230</xmin>
			<xmax>252</xmax>
			<ymin>216</ymin>
			<ymax>232</ymax>
		</bndbox>
	</object>
</annotation>
